[0.148s] DEBUG:colcon:Command line arguments: ['/usr/bin/colcon', 'build', '--symlink-install', '--packages-up-to', 'yolo_bringup']
[0.148s] DEBUG:colcon:Parsed command line arguments: Namespace(log_base=None, log_level=None, verb_name='build', build_base='build', install_base='install', merge_install=False, symlink_install=True, test_result_base=None, continue_on_error=False, executor='parallel', parallel_workers=4, event_handlers=None, ignore_user_meta=False, metas=['./colcon.meta'], base_paths=['.'], packages_ignore=None, packages_ignore_regex=None, paths=None, packages_up_to=['yolo_bringup'], packages_up_to_regex=None, packages_above=None, packages_above_and_dependencies=None, packages_above_depth=None, packages_select_by_dep=None, packages_skip_by_dep=None, packages_skip_up_to=None, packages_select_build_failed=False, packages_skip_build_finished=False, packages_select_test_failures=False, packages_skip_test_passed=False, packages_select=None, packages_skip=None, packages_select_regex=None, packages_skip_regex=None, packages_start=None, packages_end=None, allow_overriding=[], cmake_args=None, cmake_target=None, cmake_target_skip_unavailable=False, cmake_clean_cache=False, cmake_clean_first=False, cmake_force_configure=False, ament_cmake_args=None, catkin_cmake_args=None, catkin_skip_building_tests=False, mixin_files=None, mixin=None, verb_parser=<colcon_mixin.mixin.mixin_argument.MixinArgumentDecorator object at 0x779903308b60>, verb_extension=<colcon_core.verb.build.BuildVerb object at 0x7799033086e0>, main=<bound method BuildVerb.main of <colcon_core.verb.build.BuildVerb object at 0x7799033086e0>>, mixin_verb=('build',))
[0.190s] Level 1:colcon.colcon_core.package_discovery:discover_packages(colcon_meta) check parameters
[0.190s] Level 1:colcon.colcon_core.package_discovery:discover_packages(recursive) check parameters
[0.190s] Level 1:colcon.colcon_core.package_discovery:discover_packages(ignore) check parameters
[0.190s] Level 1:colcon.colcon_core.package_discovery:discover_packages(path) check parameters
[0.190s] Level 1:colcon.colcon_core.package_discovery:discover_packages(colcon_meta) discover
[0.190s] Level 1:colcon.colcon_core.package_discovery:discover_packages(recursive) discover
[0.190s] INFO:colcon.colcon_core.package_discovery:Crawling recursively for packages in '/home/roboticslab/ros2_ws'
[0.190s] Level 1:colcon.colcon_core.package_identification:_identify(.) by extensions ['ignore', 'ignore_ament_install']
[0.190s] Level 1:colcon.colcon_core.package_identification:_identify(.) by extension 'ignore'
[0.190s] Level 1:colcon.colcon_core.package_identification:_identify(.) by extension 'ignore_ament_install'
[0.190s] Level 1:colcon.colcon_core.package_identification:_identify(.) by extensions ['colcon_pkg']
[0.190s] Level 1:colcon.colcon_core.package_identification:_identify(.) by extension 'colcon_pkg'
[0.191s] Level 1:colcon.colcon_core.package_identification:_identify(.) by extensions ['colcon_meta']
[0.191s] Level 1:colcon.colcon_core.package_identification:_identify(.) by extension 'colcon_meta'
[0.191s] Level 1:colcon.colcon_core.package_identification:_identify(.) by extensions ['ros']
[0.191s] Level 1:colcon.colcon_core.package_identification:_identify(.) by extension 'ros'
[0.217s] Level 1:colcon.colcon_core.package_identification:_identify(.) by extensions ['cmake', 'python']
[0.217s] Level 1:colcon.colcon_core.package_identification:_identify(.) by extension 'cmake'
[0.217s] Level 1:colcon.colcon_core.package_identification:_identify(.) by extension 'python'
[0.217s] Level 1:colcon.colcon_core.package_identification:_identify(.) by extensions ['python_setup_py']
[0.217s] Level 1:colcon.colcon_core.package_identification:_identify(.) by extension 'python_setup_py'
[0.217s] Level 1:colcon.colcon_core.package_identification:_identify(build) by extensions ['ignore', 'ignore_ament_install']
[0.217s] Level 1:colcon.colcon_core.package_identification:_identify(build) by extension 'ignore'
[0.217s] Level 1:colcon.colcon_core.package_identification:_identify(build) ignored
[0.217s] Level 1:colcon.colcon_core.package_identification:_identify(install) by extensions ['ignore', 'ignore_ament_install']
[0.217s] Level 1:colcon.colcon_core.package_identification:_identify(install) by extension 'ignore'
[0.217s] Level 1:colcon.colcon_core.package_identification:_identify(install) ignored
[0.218s] Level 1:colcon.colcon_core.package_identification:_identify(log) by extensions ['ignore', 'ignore_ament_install']
[0.218s] Level 1:colcon.colcon_core.package_identification:_identify(log) by extension 'ignore'
[0.218s] Level 1:colcon.colcon_core.package_identification:_identify(log) ignored
[0.218s] Level 1:colcon.colcon_core.package_identification:_identify(src) by extensions ['ignore', 'ignore_ament_install']
[0.218s] Level 1:colcon.colcon_core.package_identification:_identify(src) by extension 'ignore'
[0.218s] Level 1:colcon.colcon_core.package_identification:_identify(src) by extension 'ignore_ament_install'
[0.218s] Level 1:colcon.colcon_core.package_identification:_identify(src) by extensions ['colcon_pkg']
[0.218s] Level 1:colcon.colcon_core.package_identification:_identify(src) by extension 'colcon_pkg'
[0.218s] Level 1:colcon.colcon_core.package_identification:_identify(src) by extensions ['colcon_meta']
[0.218s] Level 1:colcon.colcon_core.package_identification:_identify(src) by extension 'colcon_meta'
[0.218s] Level 1:colcon.colcon_core.package_identification:_identify(src) by extensions ['ros']
[0.218s] Level 1:colcon.colcon_core.package_identification:_identify(src) by extension 'ros'
[0.218s] Level 1:colcon.colcon_core.package_identification:_identify(src) by extensions ['cmake', 'python']
[0.218s] Level 1:colcon.colcon_core.package_identification:_identify(src) by extension 'cmake'
[0.218s] Level 1:colcon.colcon_core.package_identification:_identify(src) by extension 'python'
[0.218s] Level 1:colcon.colcon_core.package_identification:_identify(src) by extensions ['python_setup_py']
[0.218s] Level 1:colcon.colcon_core.package_identification:_identify(src) by extension 'python_setup_py'
[0.218s] Level 1:colcon.colcon_core.package_identification:_identify(src/build) by extensions ['ignore', 'ignore_ament_install']
[0.219s] Level 1:colcon.colcon_core.package_identification:_identify(src/build) by extension 'ignore'
[0.219s] Level 1:colcon.colcon_core.package_identification:_identify(src/build) ignored
[0.219s] Level 1:colcon.colcon_core.package_identification:_identify(src/grocery_perception) by extensions ['ignore', 'ignore_ament_install']
[0.219s] Level 1:colcon.colcon_core.package_identification:_identify(src/grocery_perception) by extension 'ignore'
[0.219s] Level 1:colcon.colcon_core.package_identification:_identify(src/grocery_perception) by extension 'ignore_ament_install'
[0.219s] Level 1:colcon.colcon_core.package_identification:_identify(src/grocery_perception) by extensions ['colcon_pkg']
[0.219s] Level 1:colcon.colcon_core.package_identification:_identify(src/grocery_perception) by extension 'colcon_pkg'
[0.219s] Level 1:colcon.colcon_core.package_identification:_identify(src/grocery_perception) by extensions ['colcon_meta']
[0.219s] Level 1:colcon.colcon_core.package_identification:_identify(src/grocery_perception) by extension 'colcon_meta'
[0.219s] Level 1:colcon.colcon_core.package_identification:_identify(src/grocery_perception) by extensions ['ros']
[0.219s] Level 1:colcon.colcon_core.package_identification:_identify(src/grocery_perception) by extension 'ros'
[0.222s] DEBUG:colcon.colcon_core.package_identification:Package 'src/grocery_perception' with type 'ros.ament_python' and name 'grocery_perception'
[0.222s] Level 1:colcon.colcon_core.package_identification:_identify(src/grocery_robot_bringup) by extensions ['ignore', 'ignore_ament_install']
[0.222s] Level 1:colcon.colcon_core.package_identification:_identify(src/grocery_robot_bringup) by extension 'ignore'
[0.222s] Level 1:colcon.colcon_core.package_identification:_identify(src/grocery_robot_bringup) by extension 'ignore_ament_install'
[0.222s] Level 1:colcon.colcon_core.package_identification:_identify(src/grocery_robot_bringup) by extensions ['colcon_pkg']
[0.222s] Level 1:colcon.colcon_core.package_identification:_identify(src/grocery_robot_bringup) by extension 'colcon_pkg'
[0.222s] Level 1:colcon.colcon_core.package_identification:_identify(src/grocery_robot_bringup) by extensions ['colcon_meta']
[0.222s] Level 1:colcon.colcon_core.package_identification:_identify(src/grocery_robot_bringup) by extension 'colcon_meta'
[0.222s] Level 1:colcon.colcon_core.package_identification:_identify(src/grocery_robot_bringup) by extensions ['ros']
[0.222s] Level 1:colcon.colcon_core.package_identification:_identify(src/grocery_robot_bringup) by extension 'ros'
[0.223s] DEBUG:colcon.colcon_core.package_identification:Package 'src/grocery_robot_bringup' with type 'ros.ament_python' and name 'grocery_robot_bringup'
[0.223s] Level 1:colcon.colcon_core.package_identification:_identify(src/install) by extensions ['ignore', 'ignore_ament_install']
[0.223s] Level 1:colcon.colcon_core.package_identification:_identify(src/install) by extension 'ignore'
[0.223s] Level 1:colcon.colcon_core.package_identification:_identify(src/install) ignored
[0.223s] Level 1:colcon.colcon_core.package_identification:_identify(src/log) by extensions ['ignore', 'ignore_ament_install']
[0.223s] Level 1:colcon.colcon_core.package_identification:_identify(src/log) by extension 'ignore'
[0.223s] Level 1:colcon.colcon_core.package_identification:_identify(src/log) ignored
[0.223s] Level 1:colcon.colcon_core.package_identification:_identify(src/realsense-ros) by extensions ['ignore', 'ignore_ament_install']
[0.223s] Level 1:colcon.colcon_core.package_identification:_identify(src/realsense-ros) by extension 'ignore'
[0.223s] Level 1:colcon.colcon_core.package_identification:_identify(src/realsense-ros) by extension 'ignore_ament_install'
[0.223s] Level 1:colcon.colcon_core.package_identification:_identify(src/realsense-ros) by extensions ['colcon_pkg']
[0.223s] Level 1:colcon.colcon_core.package_identification:_identify(src/realsense-ros) by extension 'colcon_pkg'
[0.223s] Level 1:colcon.colcon_core.package_identification:_identify(src/realsense-ros) by extensions ['colcon_meta']
[0.223s] Level 1:colcon.colcon_core.package_identification:_identify(src/realsense-ros) by extension 'colcon_meta'
[0.223s] Level 1:colcon.colcon_core.package_identification:_identify(src/realsense-ros) by extensions ['ros']
[0.223s] Level 1:colcon.colcon_core.package_identification:_identify(src/realsense-ros) by extension 'ros'
[0.224s] Level 1:colcon.colcon_core.package_identification:_identify(src/realsense-ros) by extensions ['cmake', 'python']
[0.224s] Level 1:colcon.colcon_core.package_identification:_identify(src/realsense-ros) by extension 'cmake'
[0.224s] Level 1:colcon.colcon_core.package_identification:_identify(src/realsense-ros) by extension 'python'
[0.224s] Level 1:colcon.colcon_core.package_identification:_identify(src/realsense-ros) by extensions ['python_setup_py']
[0.224s] Level 1:colcon.colcon_core.package_identification:_identify(src/realsense-ros) by extension 'python_setup_py'
[0.224s] Level 1:colcon.colcon_core.package_identification:_identify(src/realsense-ros/realsense2_camera) by extensions ['ignore', 'ignore_ament_install']
[0.224s] Level 1:colcon.colcon_core.package_identification:_identify(src/realsense-ros/realsense2_camera) by extension 'ignore'
[0.224s] Level 1:colcon.colcon_core.package_identification:_identify(src/realsense-ros/realsense2_camera) by extension 'ignore_ament_install'
[0.224s] Level 1:colcon.colcon_core.package_identification:_identify(src/realsense-ros/realsense2_camera) by extensions ['colcon_pkg']
[0.224s] Level 1:colcon.colcon_core.package_identification:_identify(src/realsense-ros/realsense2_camera) by extension 'colcon_pkg'
[0.224s] Level 1:colcon.colcon_core.package_identification:_identify(src/realsense-ros/realsense2_camera) by extensions ['colcon_meta']
[0.224s] Level 1:colcon.colcon_core.package_identification:_identify(src/realsense-ros/realsense2_camera) by extension 'colcon_meta'
[0.224s] Level 1:colcon.colcon_core.package_identification:_identify(src/realsense-ros/realsense2_camera) by extensions ['ros']
[0.224s] Level 1:colcon.colcon_core.package_identification:_identify(src/realsense-ros/realsense2_camera) by extension 'ros'
[0.230s] DEBUG:colcon.colcon_core.package_identification:Package 'src/realsense-ros/realsense2_camera' with type 'ros.ament_cmake' and name 'realsense2_camera'
[0.230s] Level 1:colcon.colcon_core.package_identification:_identify(src/realsense-ros/realsense2_camera_msgs) by extensions ['ignore', 'ignore_ament_install']
[0.230s] Level 1:colcon.colcon_core.package_identification:_identify(src/realsense-ros/realsense2_camera_msgs) by extension 'ignore'
[0.230s] Level 1:colcon.colcon_core.package_identification:_identify(src/realsense-ros/realsense2_camera_msgs) by extension 'ignore_ament_install'
[0.230s] Level 1:colcon.colcon_core.package_identification:_identify(src/realsense-ros/realsense2_camera_msgs) by extensions ['colcon_pkg']
[0.230s] Level 1:colcon.colcon_core.package_identification:_identify(src/realsense-ros/realsense2_camera_msgs) by extension 'colcon_pkg'
[0.231s] Level 1:colcon.colcon_core.package_identification:_identify(src/realsense-ros/realsense2_camera_msgs) by extensions ['colcon_meta']
[0.231s] Level 1:colcon.colcon_core.package_identification:_identify(src/realsense-ros/realsense2_camera_msgs) by extension 'colcon_meta'
[0.231s] Level 1:colcon.colcon_core.package_identification:_identify(src/realsense-ros/realsense2_camera_msgs) by extensions ['ros']
[0.231s] Level 1:colcon.colcon_core.package_identification:_identify(src/realsense-ros/realsense2_camera_msgs) by extension 'ros'
[0.231s] DEBUG:colcon.colcon_core.package_identification:Package 'src/realsense-ros/realsense2_camera_msgs' with type 'ros.ament_cmake' and name 'realsense2_camera_msgs'
[0.231s] Level 1:colcon.colcon_core.package_identification:_identify(src/realsense-ros/realsense2_description) by extensions ['ignore', 'ignore_ament_install']
[0.231s] Level 1:colcon.colcon_core.package_identification:_identify(src/realsense-ros/realsense2_description) by extension 'ignore'
[0.231s] Level 1:colcon.colcon_core.package_identification:_identify(src/realsense-ros/realsense2_description) by extension 'ignore_ament_install'
[0.232s] Level 1:colcon.colcon_core.package_identification:_identify(src/realsense-ros/realsense2_description) by extensions ['colcon_pkg']
[0.232s] Level 1:colcon.colcon_core.package_identification:_identify(src/realsense-ros/realsense2_description) by extension 'colcon_pkg'
[0.232s] Level 1:colcon.colcon_core.package_identification:_identify(src/realsense-ros/realsense2_description) by extensions ['colcon_meta']
[0.232s] Level 1:colcon.colcon_core.package_identification:_identify(src/realsense-ros/realsense2_description) by extension 'colcon_meta'
[0.232s] Level 1:colcon.colcon_core.package_identification:_identify(src/realsense-ros/realsense2_description) by extensions ['ros']
[0.232s] Level 1:colcon.colcon_core.package_identification:_identify(src/realsense-ros/realsense2_description) by extension 'ros'
[0.232s] DEBUG:colcon.colcon_core.package_identification:Package 'src/realsense-ros/realsense2_description' with type 'ros.ament_cmake' and name 'realsense2_description'
[0.233s] Level 1:colcon.colcon_core.package_identification:_identify(src/realsense-ros/realsense2_rgbd_plugin) by extensions ['ignore', 'ignore_ament_install']
[0.233s] Level 1:colcon.colcon_core.package_identification:_identify(src/realsense-ros/realsense2_rgbd_plugin) by extension 'ignore'
[0.233s] Level 1:colcon.colcon_core.package_identification:_identify(src/realsense-ros/realsense2_rgbd_plugin) by extension 'ignore_ament_install'
[0.233s] Level 1:colcon.colcon_core.package_identification:_identify(src/realsense-ros/realsense2_rgbd_plugin) by extensions ['colcon_pkg']
[0.233s] Level 1:colcon.colcon_core.package_identification:_identify(src/realsense-ros/realsense2_rgbd_plugin) by extension 'colcon_pkg'
[0.233s] Level 1:colcon.colcon_core.package_identification:_identify(src/realsense-ros/realsense2_rgbd_plugin) by extensions ['colcon_meta']
[0.233s] Level 1:colcon.colcon_core.package_identification:_identify(src/realsense-ros/realsense2_rgbd_plugin) by extension 'colcon_meta'
[0.233s] Level 1:colcon.colcon_core.package_identification:_identify(src/realsense-ros/realsense2_rgbd_plugin) by extensions ['ros']
[0.233s] Level 1:colcon.colcon_core.package_identification:_identify(src/realsense-ros/realsense2_rgbd_plugin) by extension 'ros'
[0.234s] DEBUG:colcon.colcon_core.package_identification:Package 'src/realsense-ros/realsense2_rgbd_plugin' with type 'ros.ament_cmake' and name 'realsense2_rviz_plugin'
[0.234s] Level 1:colcon.colcon_core.package_identification:_identify(src/realsense-ros/realsense2_ros_mqtt_bridge) by extensions ['ignore', 'ignore_ament_install']
[0.234s] Level 1:colcon.colcon_core.package_identification:_identify(src/realsense-ros/realsense2_ros_mqtt_bridge) by extension 'ignore'
[0.234s] Level 1:colcon.colcon_core.package_identification:_identify(src/realsense-ros/realsense2_ros_mqtt_bridge) by extension 'ignore_ament_install'
[0.234s] Level 1:colcon.colcon_core.package_identification:_identify(src/realsense-ros/realsense2_ros_mqtt_bridge) by extensions ['colcon_pkg']
[0.234s] Level 1:colcon.colcon_core.package_identification:_identify(src/realsense-ros/realsense2_ros_mqtt_bridge) by extension 'colcon_pkg'
[0.234s] Level 1:colcon.colcon_core.package_identification:_identify(src/realsense-ros/realsense2_ros_mqtt_bridge) by extensions ['colcon_meta']
[0.234s] Level 1:colcon.colcon_core.package_identification:_identify(src/realsense-ros/realsense2_ros_mqtt_bridge) by extension 'colcon_meta'
[0.234s] Level 1:colcon.colcon_core.package_identification:_identify(src/realsense-ros/realsense2_ros_mqtt_bridge) by extensions ['ros']
[0.234s] Level 1:colcon.colcon_core.package_identification:_identify(src/realsense-ros/realsense2_ros_mqtt_bridge) by extension 'ros'
[0.235s] DEBUG:colcon.colcon_core.package_identification:Package 'src/realsense-ros/realsense2_ros_mqtt_bridge' with type 'ros.ament_python' and name 'realsense2_ros_mqtt_bridge'
[0.235s] Level 1:colcon.colcon_core.package_identification:_identify(src/realsense-ros/res) by extensions ['ignore', 'ignore_ament_install']
[0.235s] Level 1:colcon.colcon_core.package_identification:_identify(src/realsense-ros/res) by extension 'ignore'
[0.235s] Level 1:colcon.colcon_core.package_identification:_identify(src/realsense-ros/res) by extension 'ignore_ament_install'
[0.235s] Level 1:colcon.colcon_core.package_identification:_identify(src/realsense-ros/res) by extensions ['colcon_pkg']
[0.235s] Level 1:colcon.colcon_core.package_identification:_identify(src/realsense-ros/res) by extension 'colcon_pkg'
[0.235s] Level 1:colcon.colcon_core.package_identification:_identify(src/realsense-ros/res) by extensions ['colcon_meta']
[0.235s] Level 1:colcon.colcon_core.package_identification:_identify(src/realsense-ros/res) by extension 'colcon_meta'
[0.235s] Level 1:colcon.colcon_core.package_identification:_identify(src/realsense-ros/res) by extensions ['ros']
[0.235s] Level 1:colcon.colcon_core.package_identification:_identify(src/realsense-ros/res) by extension 'ros'
[0.235s] Level 1:colcon.colcon_core.package_identification:_identify(src/realsense-ros/res) by extensions ['cmake', 'python']
[0.235s] Level 1:colcon.colcon_core.package_identification:_identify(src/realsense-ros/res) by extension 'cmake'
[0.235s] Level 1:colcon.colcon_core.package_identification:_identify(src/realsense-ros/res) by extension 'python'
[0.236s] Level 1:colcon.colcon_core.package_identification:_identify(src/realsense-ros/res) by extensions ['python_setup_py']
[0.236s] Level 1:colcon.colcon_core.package_identification:_identify(src/realsense-ros/res) by extension 'python_setup_py'
[0.236s] Level 1:colcon.colcon_core.package_identification:_identify(src/realsense-ros/scripts) by extensions ['ignore', 'ignore_ament_install']
[0.236s] Level 1:colcon.colcon_core.package_identification:_identify(src/realsense-ros/scripts) by extension 'ignore'
[0.236s] Level 1:colcon.colcon_core.package_identification:_identify(src/realsense-ros/scripts) by extension 'ignore_ament_install'
[0.236s] Level 1:colcon.colcon_core.package_identification:_identify(src/realsense-ros/scripts) by extensions ['colcon_pkg']
[0.236s] Level 1:colcon.colcon_core.package_identification:_identify(src/realsense-ros/scripts) by extension 'colcon_pkg'
[0.236s] Level 1:colcon.colcon_core.package_identification:_identify(src/realsense-ros/scripts) by extensions ['colcon_meta']
[0.236s] Level 1:colcon.colcon_core.package_identification:_identify(src/realsense-ros/scripts) by extension 'colcon_meta'
[0.236s] Level 1:colcon.colcon_core.package_identification:_identify(src/realsense-ros/scripts) by extensions ['ros']
[0.236s] Level 1:colcon.colcon_core.package_identification:_identify(src/realsense-ros/scripts) by extension 'ros'
[0.236s] Level 1:colcon.colcon_core.package_identification:_identify(src/realsense-ros/scripts) by extensions ['cmake', 'python']
[0.236s] Level 1:colcon.colcon_core.package_identification:_identify(src/realsense-ros/scripts) by extension 'cmake'
[0.236s] Level 1:colcon.colcon_core.package_identification:_identify(src/realsense-ros/scripts) by extension 'python'
[0.236s] Level 1:colcon.colcon_core.package_identification:_identify(src/realsense-ros/scripts) by extensions ['python_setup_py']
[0.236s] Level 1:colcon.colcon_core.package_identification:_identify(src/realsense-ros/scripts) by extension 'python_setup_py'
[0.236s] Level 1:colcon.colcon_core.package_identification:_identify(src/so101_gripper_control) by extensions ['ignore', 'ignore_ament_install']
[0.236s] Level 1:colcon.colcon_core.package_identification:_identify(src/so101_gripper_control) by extension 'ignore'
[0.237s] Level 1:colcon.colcon_core.package_identification:_identify(src/so101_gripper_control) by extension 'ignore_ament_install'
[0.237s] Level 1:colcon.colcon_core.package_identification:_identify(src/so101_gripper_control) by extensions ['colcon_pkg']
[0.237s] Level 1:colcon.colcon_core.package_identification:_identify(src/so101_gripper_control) by extension 'colcon_pkg'
[0.237s] Level 1:colcon.colcon_core.package_identification:_identify(src/so101_gripper_control) by extensions ['colcon_meta']
[0.237s] Level 1:colcon.colcon_core.package_identification:_identify(src/so101_gripper_control) by extension 'colcon_meta'
[0.237s] Level 1:colcon.colcon_core.package_identification:_identify(src/so101_gripper_control) by extensions ['ros']
[0.237s] Level 1:colcon.colcon_core.package_identification:_identify(src/so101_gripper_control) by extension 'ros'
[0.237s] DEBUG:colcon.colcon_core.package_identification:Package 'src/so101_gripper_control' with type 'ros.ament_python' and name 'so101_gripper_control'
[0.237s] Level 1:colcon.colcon_core.package_identification:_identify(src/ur3e_demo) by extensions ['ignore', 'ignore_ament_install']
[0.237s] Level 1:colcon.colcon_core.package_identification:_identify(src/ur3e_demo) by extension 'ignore'
[0.238s] Level 1:colcon.colcon_core.package_identification:_identify(src/ur3e_demo) by extension 'ignore_ament_install'
[0.238s] Level 1:colcon.colcon_core.package_identification:_identify(src/ur3e_demo) by extensions ['colcon_pkg']
[0.238s] Level 1:colcon.colcon_core.package_identification:_identify(src/ur3e_demo) by extension 'colcon_pkg'
[0.238s] Level 1:colcon.colcon_core.package_identification:_identify(src/ur3e_demo) by extensions ['colcon_meta']
[0.238s] Level 1:colcon.colcon_core.package_identification:_identify(src/ur3e_demo) by extension 'colcon_meta'
[0.238s] Level 1:colcon.colcon_core.package_identification:_identify(src/ur3e_demo) by extensions ['ros']
[0.238s] Level 1:colcon.colcon_core.package_identification:_identify(src/ur3e_demo) by extension 'ros'
[0.238s] DEBUG:colcon.colcon_core.package_identification:Package 'src/ur3e_demo' with type 'ros.ament_python' and name 'ur3e_demo'
[0.238s] Level 1:colcon.colcon_core.package_identification:_identify(src/yolo_ros) by extensions ['ignore', 'ignore_ament_install']
[0.238s] Level 1:colcon.colcon_core.package_identification:_identify(src/yolo_ros) by extension 'ignore'
[0.238s] Level 1:colcon.colcon_core.package_identification:_identify(src/yolo_ros) by extension 'ignore_ament_install'
[0.239s] Level 1:colcon.colcon_core.package_identification:_identify(src/yolo_ros) by extensions ['colcon_pkg']
[0.239s] Level 1:colcon.colcon_core.package_identification:_identify(src/yolo_ros) by extension 'colcon_pkg'
[0.239s] Level 1:colcon.colcon_core.package_identification:_identify(src/yolo_ros) by extensions ['colcon_meta']
[0.239s] Level 1:colcon.colcon_core.package_identification:_identify(src/yolo_ros) by extension 'colcon_meta'
[0.239s] Level 1:colcon.colcon_core.package_identification:_identify(src/yolo_ros) by extensions ['ros']
[0.239s] Level 1:colcon.colcon_core.package_identification:_identify(src/yolo_ros) by extension 'ros'
[0.239s] Level 1:colcon.colcon_core.package_identification:_identify(src/yolo_ros) by extensions ['cmake', 'python']
[0.239s] Level 1:colcon.colcon_core.package_identification:_identify(src/yolo_ros) by extension 'cmake'
[0.239s] Level 1:colcon.colcon_core.package_identification:_identify(src/yolo_ros) by extension 'python'
[0.239s] Level 1:colcon.colcon_core.package_identification:_identify(src/yolo_ros) by extensions ['python_setup_py']
[0.239s] Level 1:colcon.colcon_core.package_identification:_identify(src/yolo_ros) by extension 'python_setup_py'
[0.239s] Level 1:colcon.colcon_core.package_identification:_identify(src/yolo_ros/docs) by extensions ['ignore', 'ignore_ament_install']
[0.239s] Level 1:colcon.colcon_core.package_identification:_identify(src/yolo_ros/docs) by extension 'ignore'
[0.239s] Level 1:colcon.colcon_core.package_identification:_identify(src/yolo_ros/docs) by extension 'ignore_ament_install'
[0.239s] Level 1:colcon.colcon_core.package_identification:_identify(src/yolo_ros/docs) by extensions ['colcon_pkg']
[0.239s] Level 1:colcon.colcon_core.package_identification:_identify(src/yolo_ros/docs) by extension 'colcon_pkg'
[0.239s] Level 1:colcon.colcon_core.package_identification:_identify(src/yolo_ros/docs) by extensions ['colcon_meta']
[0.239s] Level 1:colcon.colcon_core.package_identification:_identify(src/yolo_ros/docs) by extension 'colcon_meta'
[0.239s] Level 1:colcon.colcon_core.package_identification:_identify(src/yolo_ros/docs) by extensions ['ros']
[0.239s] Level 1:colcon.colcon_core.package_identification:_identify(src/yolo_ros/docs) by extension 'ros'
[0.239s] Level 1:colcon.colcon_core.package_identification:_identify(src/yolo_ros/docs) by extensions ['cmake', 'python']
[0.240s] Level 1:colcon.colcon_core.package_identification:_identify(src/yolo_ros/docs) by extension 'cmake'
[0.240s] Level 1:colcon.colcon_core.package_identification:_identify(src/yolo_ros/docs) by extension 'python'
[0.240s] Level 1:colcon.colcon_core.package_identification:_identify(src/yolo_ros/docs) by extensions ['python_setup_py']
[0.240s] Level 1:colcon.colcon_core.package_identification:_identify(src/yolo_ros/docs) by extension 'python_setup_py'
[0.240s] Level 1:colcon.colcon_core.package_identification:_identify(src/yolo_ros/yolo_bringup) by extensions ['ignore', 'ignore_ament_install']
[0.240s] Level 1:colcon.colcon_core.package_identification:_identify(src/yolo_ros/yolo_bringup) by extension 'ignore'
[0.240s] Level 1:colcon.colcon_core.package_identification:_identify(src/yolo_ros/yolo_bringup) by extension 'ignore_ament_install'
[0.240s] Level 1:colcon.colcon_core.package_identification:_identify(src/yolo_ros/yolo_bringup) by extensions ['colcon_pkg']
[0.240s] Level 1:colcon.colcon_core.package_identification:_identify(src/yolo_ros/yolo_bringup) by extension 'colcon_pkg'
[0.240s] Level 1:colcon.colcon_core.package_identification:_identify(src/yolo_ros/yolo_bringup) by extensions ['colcon_meta']
[0.240s] Level 1:colcon.colcon_core.package_identification:_identify(src/yolo_ros/yolo_bringup) by extension 'colcon_meta'
[0.240s] Level 1:colcon.colcon_core.package_identification:_identify(src/yolo_ros/yolo_bringup) by extensions ['ros']
[0.240s] Level 1:colcon.colcon_core.package_identification:_identify(src/yolo_ros/yolo_bringup) by extension 'ros'
[0.240s] DEBUG:colcon.colcon_core.package_identification:Package 'src/yolo_ros/yolo_bringup' with type 'ros.ament_cmake' and name 'yolo_bringup'
[0.241s] Level 1:colcon.colcon_core.package_identification:_identify(src/yolo_ros/yolo_msgs) by extensions ['ignore', 'ignore_ament_install']
[0.241s] Level 1:colcon.colcon_core.package_identification:_identify(src/yolo_ros/yolo_msgs) by extension 'ignore'
[0.241s] Level 1:colcon.colcon_core.package_identification:_identify(src/yolo_ros/yolo_msgs) by extension 'ignore_ament_install'
[0.241s] Level 1:colcon.colcon_core.package_identification:_identify(src/yolo_ros/yolo_msgs) by extensions ['colcon_pkg']
[0.241s] Level 1:colcon.colcon_core.package_identification:_identify(src/yolo_ros/yolo_msgs) by extension 'colcon_pkg'
[0.241s] Level 1:colcon.colcon_core.package_identification:_identify(src/yolo_ros/yolo_msgs) by extensions ['colcon_meta']
[0.241s] Level 1:colcon.colcon_core.package_identification:_identify(src/yolo_ros/yolo_msgs) by extension 'colcon_meta'
[0.241s] Level 1:colcon.colcon_core.package_identification:_identify(src/yolo_ros/yolo_msgs) by extensions ['ros']
[0.241s] Level 1:colcon.colcon_core.package_identification:_identify(src/yolo_ros/yolo_msgs) by extension 'ros'
[0.241s] DEBUG:colcon.colcon_core.package_identification:Package 'src/yolo_ros/yolo_msgs' with type 'ros.ament_cmake' and name 'yolo_msgs'
[0.242s] Level 1:colcon.colcon_core.package_identification:_identify(src/yolo_ros/yolo_ros) by extensions ['ignore', 'ignore_ament_install']
[0.242s] Level 1:colcon.colcon_core.package_identification:_identify(src/yolo_ros/yolo_ros) by extension 'ignore'
[0.242s] Level 1:colcon.colcon_core.package_identification:_identify(src/yolo_ros/yolo_ros) by extension 'ignore_ament_install'
[0.242s] Level 1:colcon.colcon_core.package_identification:_identify(src/yolo_ros/yolo_ros) by extensions ['colcon_pkg']
[0.242s] Level 1:colcon.colcon_core.package_identification:_identify(src/yolo_ros/yolo_ros) by extension 'colcon_pkg'
[0.242s] Level 1:colcon.colcon_core.package_identification:_identify(src/yolo_ros/yolo_ros) by extensions ['colcon_meta']
[0.242s] Level 1:colcon.colcon_core.package_identification:_identify(src/yolo_ros/yolo_ros) by extension 'colcon_meta'
[0.242s] Level 1:colcon.colcon_core.package_identification:_identify(src/yolo_ros/yolo_ros) by extensions ['ros']
[0.242s] Level 1:colcon.colcon_core.package_identification:_identify(src/yolo_ros/yolo_ros) by extension 'ros'
[0.243s] DEBUG:colcon.colcon_core.package_identification:Package 'src/yolo_ros/yolo_ros' with type 'ros.ament_python' and name 'yolo_ros'
[0.243s] Level 1:colcon.colcon_core.package_discovery:discover_packages(recursive) using defaults
[0.243s] Level 1:colcon.colcon_core.package_discovery:discover_packages(ignore) discover
[0.243s] Level 1:colcon.colcon_core.package_discovery:discover_packages(ignore) using defaults
[0.243s] Level 1:colcon.colcon_core.package_discovery:discover_packages(path) discover
[0.243s] Level 1:colcon.colcon_core.package_discovery:discover_packages(path) using defaults
[0.266s] INFO:colcon.colcon_core.package_selection:Skipping package 'realsense2_rviz_plugin' in 'src/realsense-ros/realsense2_rgbd_plugin'
[0.266s] INFO:colcon.colcon_core.package_selection:Skipping package 'realsense2_description' in 'src/realsense-ros/realsense2_description'
[0.266s] INFO:colcon.colcon_core.package_selection:Skipping package 'realsense2_camera' in 'src/realsense-ros/realsense2_camera'
[0.266s] INFO:colcon.colcon_core.package_selection:Skipping package 'grocery_perception' in 'src/grocery_perception'
[0.266s] INFO:colcon.colcon_core.package_selection:Skipping package 'ur3e_demo' in 'src/ur3e_demo'
[0.266s] INFO:colcon.colcon_core.package_selection:Skipping package 'so101_gripper_control' in 'src/so101_gripper_control'
[0.266s] INFO:colcon.colcon_core.package_selection:Skipping package 'realsense2_ros_mqtt_bridge' in 'src/realsense-ros/realsense2_ros_mqtt_bridge'
[0.266s] INFO:colcon.colcon_core.package_selection:Skipping package 'realsense2_camera_msgs' in 'src/realsense-ros/realsense2_camera_msgs'
[0.266s] INFO:colcon.colcon_core.package_selection:Skipping package 'grocery_robot_bringup' in 'src/grocery_robot_bringup'
[0.267s] Level 1:colcon.colcon_core.package_discovery:discover_packages(prefix_path) check parameters
[0.267s] Level 1:colcon.colcon_core.package_discovery:discover_packages(prefix_path) discover
[0.271s] DEBUG:colcon.colcon_installed_package_information.package_discovery:Found 4 installed packages in /home/roboticslab/ros2_ws/install
[0.273s] DEBUG:colcon.colcon_installed_package_information.package_discovery:Found 70 installed packages in /home/roboticslab/ws_moveit/install
[0.276s] DEBUG:colcon.colcon_installed_package_information.package_discovery:Found 526 installed packages in /opt/ros/kilted
[0.278s] Level 1:colcon.colcon_core.package_discovery:discover_packages(prefix_path) using defaults
[0.379s] Level 5:colcon.colcon_core.verb:set package 'yolo_msgs' build argument 'cmake_args' from command line to 'None'
[0.379s] Level 5:colcon.colcon_core.verb:set package 'yolo_msgs' build argument 'cmake_target' from command line to 'None'
[0.379s] Level 5:colcon.colcon_core.verb:set package 'yolo_msgs' build argument 'cmake_target_skip_unavailable' from command line to 'False'
[0.379s] Level 5:colcon.colcon_core.verb:set package 'yolo_msgs' build argument 'cmake_clean_cache' from command line to 'False'
[0.379s] Level 5:colcon.colcon_core.verb:set package 'yolo_msgs' build argument 'cmake_clean_first' from command line to 'False'
[0.379s] Level 5:colcon.colcon_core.verb:set package 'yolo_msgs' build argument 'cmake_force_configure' from command line to 'False'
[0.380s] Level 5:colcon.colcon_core.verb:set package 'yolo_msgs' build argument 'ament_cmake_args' from command line to 'None'
[0.380s] Level 5:colcon.colcon_core.verb:set package 'yolo_msgs' build argument 'catkin_cmake_args' from command line to 'None'
[0.380s] Level 5:colcon.colcon_core.verb:set package 'yolo_msgs' build argument 'catkin_skip_building_tests' from command line to 'False'
[0.380s] DEBUG:colcon.colcon_core.verb:Building package 'yolo_msgs' with the following arguments: {'ament_cmake_args': None, 'build_base': '/home/roboticslab/ros2_ws/build/yolo_msgs', 'catkin_cmake_args': None, 'catkin_skip_building_tests': False, 'cmake_args': None, 'cmake_clean_cache': False, 'cmake_clean_first': False, 'cmake_force_configure': False, 'cmake_target': None, 'cmake_target_skip_unavailable': False, 'install_base': '/home/roboticslab/ros2_ws/install/yolo_msgs', 'merge_install': False, 'path': '/home/roboticslab/ros2_ws/src/yolo_ros/yolo_msgs', 'symlink_install': True, 'test_result_base': None}
[0.380s] Level 5:colcon.colcon_core.verb:set package 'yolo_ros' build argument 'cmake_args' from command line to 'None'
[0.380s] Level 5:colcon.colcon_core.verb:set package 'yolo_ros' build argument 'cmake_target' from command line to 'None'
[0.380s] Level 5:colcon.colcon_core.verb:set package 'yolo_ros' build argument 'cmake_target_skip_unavailable' from command line to 'False'
[0.380s] Level 5:colcon.colcon_core.verb:set package 'yolo_ros' build argument 'cmake_clean_cache' from command line to 'False'
[0.380s] Level 5:colcon.colcon_core.verb:set package 'yolo_ros' build argument 'cmake_clean_first' from command line to 'False'
[0.380s] Level 5:colcon.colcon_core.verb:set package 'yolo_ros' build argument 'cmake_force_configure' from command line to 'False'
[0.380s] Level 5:colcon.colcon_core.verb:set package 'yolo_ros' build argument 'ament_cmake_args' from command line to 'None'
[0.380s] Level 5:colcon.colcon_core.verb:set package 'yolo_ros' build argument 'catkin_cmake_args' from command line to 'None'
[0.380s] Level 5:colcon.colcon_core.verb:set package 'yolo_ros' build argument 'catkin_skip_building_tests' from command line to 'False'
[0.380s] DEBUG:colcon.colcon_core.verb:Building package 'yolo_ros' with the following arguments: {'ament_cmake_args': None, 'build_base': '/home/roboticslab/ros2_ws/build/yolo_ros', 'catkin_cmake_args': None, 'catkin_skip_building_tests': False, 'cmake_args': None, 'cmake_clean_cache': False, 'cmake_clean_first': False, 'cmake_force_configure': False, 'cmake_target': None, 'cmake_target_skip_unavailable': False, 'install_base': '/home/roboticslab/ros2_ws/install/yolo_ros', 'merge_install': False, 'path': '/home/roboticslab/ros2_ws/src/yolo_ros/yolo_ros', 'symlink_install': True, 'test_result_base': None}
[0.380s] Level 5:colcon.colcon_core.verb:set package 'yolo_bringup' build argument 'cmake_args' from command line to 'None'
[0.380s] Level 5:colcon.colcon_core.verb:set package 'yolo_bringup' build argument 'cmake_target' from command line to 'None'
[0.381s] Level 5:colcon.colcon_core.verb:set package 'yolo_bringup' build argument 'cmake_target_skip_unavailable' from command line to 'False'
[0.381s] Level 5:colcon.colcon_core.verb:set package 'yolo_bringup' build argument 'cmake_clean_cache' from command line to 'False'
[0.381s] Level 5:colcon.colcon_core.verb:set package 'yolo_bringup' build argument 'cmake_clean_first' from command line to 'False'
[0.381s] Level 5:colcon.colcon_core.verb:set package 'yolo_bringup' build argument 'cmake_force_configure' from command line to 'False'
[0.381s] Level 5:colcon.colcon_core.verb:set package 'yolo_bringup' build argument 'ament_cmake_args' from command line to 'None'
[0.381s] Level 5:colcon.colcon_core.verb:set package 'yolo_bringup' build argument 'catkin_cmake_args' from command line to 'None'
[0.381s] Level 5:colcon.colcon_core.verb:set package 'yolo_bringup' build argument 'catkin_skip_building_tests' from command line to 'False'
[0.381s] DEBUG:colcon.colcon_core.verb:Building package 'yolo_bringup' with the following arguments: {'ament_cmake_args': None, 'build_base': '/home/roboticslab/ros2_ws/build/yolo_bringup', 'catkin_cmake_args': None, 'catkin_skip_building_tests': False, 'cmake_args': None, 'cmake_clean_cache': False, 'cmake_clean_first': False, 'cmake_force_configure': False, 'cmake_target': None, 'cmake_target_skip_unavailable': False, 'install_base': '/home/roboticslab/ros2_ws/install/yolo_bringup', 'merge_install': False, 'path': '/home/roboticslab/ros2_ws/src/yolo_ros/yolo_bringup', 'symlink_install': True, 'test_result_base': None}
[0.381s] INFO:colcon.colcon_core.executor:Executing jobs using 'parallel' executor
[0.382s] DEBUG:colcon.colcon_parallel_executor.executor.parallel:run_until_complete
[0.382s] INFO:colcon.colcon_ros.task.ament_cmake.build:Building ROS package in '/home/roboticslab/ros2_ws/src/yolo_ros/yolo_msgs' with build type 'ament_cmake'
[0.383s] INFO:colcon.colcon_cmake.task.cmake.build:Building CMake package in '/home/roboticslab/ros2_ws/src/yolo_ros/yolo_msgs'
[0.385s] INFO:colcon.colcon_core.plugin_system:Skipping extension 'colcon_core.shell.bat': Not used on non-Windows systems
[0.385s] INFO:colcon.colcon_core.shell:Skip shell extension 'powershell' for command environment: Not usable outside of PowerShell
[0.385s] DEBUG:colcon.colcon_core.shell:Skip shell extension 'dsv' for command environment
[0.400s] DEBUG:colcon.colcon_core.event_handler.log_command:Invoking command in '/home/roboticslab/ros2_ws/build/yolo_msgs': CMAKE_PREFIX_PATH=${CMAKE_PREFIX_PATH}:/home/roboticslab/ros2_ws/install/yolo_ros:/home/roboticslab/ros2_ws/install/so101_gripper_control:/home/roboticslab/ws_moveit/install/moveit_configs_utils:/opt/ros/kilted DEBUGINFOD_URLS=https://debuginfod.ubuntu.com /usr/bin/cmake --build /home/roboticslab/ros2_ws/build/yolo_msgs -- -j4 -l4
[1.069s] DEBUG:colcon.colcon_core.event_handler.log_command:Invoked command in '/home/roboticslab/ros2_ws/build/yolo_msgs' returned '0': CMAKE_PREFIX_PATH=${CMAKE_PREFIX_PATH}:/home/roboticslab/ros2_ws/install/yolo_ros:/home/roboticslab/ros2_ws/install/so101_gripper_control:/home/roboticslab/ws_moveit/install/moveit_configs_utils:/opt/ros/kilted DEBUGINFOD_URLS=https://debuginfod.ubuntu.com /usr/bin/cmake --build /home/roboticslab/ros2_ws/build/yolo_msgs -- -j4 -l4
[1.085s] DEBUG:colcon.colcon_core.event_handler.log_command:Invoking command in '/home/roboticslab/ros2_ws/build/yolo_msgs': CMAKE_PREFIX_PATH=${CMAKE_PREFIX_PATH}:/home/roboticslab/ros2_ws/install/yolo_ros:/home/roboticslab/ros2_ws/install/so101_gripper_control:/home/roboticslab/ws_moveit/install/moveit_configs_utils:/opt/ros/kilted DEBUGINFOD_URLS=https://debuginfod.ubuntu.com /usr/bin/cmake --install /home/roboticslab/ros2_ws/build/yolo_msgs
[1.213s] Level 1:colcon.colcon_core.environment:create_environment_scripts_only(yolo_msgs)
[1.214s] DEBUG:colcon.colcon_core.event_handler.log_command:Invoked command in '/home/roboticslab/ros2_ws/build/yolo_msgs' returned '0': CMAKE_PREFIX_PATH=${CMAKE_PREFIX_PATH}:/home/roboticslab/ros2_ws/install/yolo_ros:/home/roboticslab/ros2_ws/install/so101_gripper_control:/home/roboticslab/ws_moveit/install/moveit_configs_utils:/opt/ros/kilted DEBUGINFOD_URLS=https://debuginfod.ubuntu.com /usr/bin/cmake --install /home/roboticslab/ros2_ws/build/yolo_msgs
[1.216s] Level 1:colcon.colcon_core.environment:checking '/home/roboticslab/ros2_ws/install/yolo_msgs' for CMake module files
[1.217s] Level 1:colcon.colcon_core.environment:checking '/home/roboticslab/ros2_ws/install/yolo_msgs' for CMake config files
[1.218s] Level 1:colcon.colcon_core.shell:create_environment_hook('yolo_msgs', 'cmake_prefix_path')
[1.219s] INFO:colcon.colcon_core.shell:Creating environment hook '/home/roboticslab/ros2_ws/install/yolo_msgs/share/yolo_msgs/hook/cmake_prefix_path.ps1'
[1.219s] INFO:colcon.colcon_core.shell:Creating environment descriptor '/home/roboticslab/ros2_ws/install/yolo_msgs/share/yolo_msgs/hook/cmake_prefix_path.dsv'
[1.220s] INFO:colcon.colcon_core.shell:Creating environment hook '/home/roboticslab/ros2_ws/install/yolo_msgs/share/yolo_msgs/hook/cmake_prefix_path.sh'
[1.221s] Level 1:colcon.colcon_core.environment:checking '/home/roboticslab/ros2_ws/install/yolo_msgs/lib'
[1.221s] Level 1:colcon.colcon_core.shell:create_environment_hook('yolo_msgs', 'ld_library_path_lib')
[1.221s] INFO:colcon.colcon_core.shell:Creating environment hook '/home/roboticslab/ros2_ws/install/yolo_msgs/share/yolo_msgs/hook/ld_library_path_lib.ps1'
[1.221s] INFO:colcon.colcon_core.shell:Creating environment descriptor '/home/roboticslab/ros2_ws/install/yolo_msgs/share/yolo_msgs/hook/ld_library_path_lib.dsv'
[1.222s] INFO:colcon.colcon_core.shell:Creating environment hook '/home/roboticslab/ros2_ws/install/yolo_msgs/share/yolo_msgs/hook/ld_library_path_lib.sh'
[1.222s] Level 1:colcon.colcon_core.environment:checking '/home/roboticslab/ros2_ws/install/yolo_msgs/bin'
[1.222s] Level 1:colcon.colcon_core.environment:checking '/home/roboticslab/ros2_ws/install/yolo_msgs/lib/pkgconfig/yolo_msgs.pc'
[1.222s] Level 1:colcon.colcon_core.environment:checking '/home/roboticslab/ros2_ws/install/yolo_msgs/lib/python3.12/site-packages'
[1.222s] Level 1:colcon.colcon_core.shell:create_environment_hook('yolo_msgs', 'pythonpath')
[1.223s] INFO:colcon.colcon_core.shell:Creating environment hook '/home/roboticslab/ros2_ws/install/yolo_msgs/share/yolo_msgs/hook/pythonpath.ps1'
[1.223s] INFO:colcon.colcon_core.shell:Creating environment descriptor '/home/roboticslab/ros2_ws/install/yolo_msgs/share/yolo_msgs/hook/pythonpath.dsv'
[1.223s] INFO:colcon.colcon_core.shell:Creating environment hook '/home/roboticslab/ros2_ws/install/yolo_msgs/share/yolo_msgs/hook/pythonpath.sh'
[1.224s] Level 1:colcon.colcon_core.environment:checking '/home/roboticslab/ros2_ws/install/yolo_msgs/bin'
[1.224s] INFO:colcon.colcon_core.shell:Creating package script '/home/roboticslab/ros2_ws/install/yolo_msgs/share/yolo_msgs/package.ps1'
[1.225s] INFO:colcon.colcon_core.shell:Creating package descriptor '/home/roboticslab/ros2_ws/install/yolo_msgs/share/yolo_msgs/package.dsv'
[1.226s] INFO:colcon.colcon_core.shell:Creating package script '/home/roboticslab/ros2_ws/install/yolo_msgs/share/yolo_msgs/package.sh'
[1.226s] INFO:colcon.colcon_core.shell:Creating package script '/home/roboticslab/ros2_ws/install/yolo_msgs/share/yolo_msgs/package.bash'
[1.227s] INFO:colcon.colcon_core.shell:Creating package script '/home/roboticslab/ros2_ws/install/yolo_msgs/share/yolo_msgs/package.zsh'
[1.228s] Level 1:colcon.colcon_core.environment:create_file_with_runtime_dependencies(/home/roboticslab/ros2_ws/install/yolo_msgs/share/colcon-core/packages/yolo_msgs)
[1.228s] Level 1:colcon.colcon_core.environment:create_environment_scripts_only(yolo_msgs)
[1.228s] Level 1:colcon.colcon_core.environment:checking '/home/roboticslab/ros2_ws/install/yolo_msgs' for CMake module files
[1.229s] Level 1:colcon.colcon_core.environment:checking '/home/roboticslab/ros2_ws/install/yolo_msgs' for CMake config files
[1.231s] Level 1:colcon.colcon_core.shell:create_environment_hook('yolo_msgs', 'cmake_prefix_path')
[1.231s] INFO:colcon.colcon_core.shell:Creating environment hook '/home/roboticslab/ros2_ws/install/yolo_msgs/share/yolo_msgs/hook/cmake_prefix_path.ps1'
[1.231s] INFO:colcon.colcon_core.shell:Creating environment descriptor '/home/roboticslab/ros2_ws/install/yolo_msgs/share/yolo_msgs/hook/cmake_prefix_path.dsv'
[1.232s] INFO:colcon.colcon_core.shell:Creating environment hook '/home/roboticslab/ros2_ws/install/yolo_msgs/share/yolo_msgs/hook/cmake_prefix_path.sh'
[1.232s] Level 1:colcon.colcon_core.environment:checking '/home/roboticslab/ros2_ws/install/yolo_msgs/lib'
[1.232s] Level 1:colcon.colcon_core.shell:create_environment_hook('yolo_msgs', 'ld_library_path_lib')
[1.232s] INFO:colcon.colcon_core.shell:Creating environment hook '/home/roboticslab/ros2_ws/install/yolo_msgs/share/yolo_msgs/hook/ld_library_path_lib.ps1'
[1.233s] INFO:colcon.colcon_core.shell:Creating environment descriptor '/home/roboticslab/ros2_ws/install/yolo_msgs/share/yolo_msgs/hook/ld_library_path_lib.dsv'
[1.233s] INFO:colcon.colcon_core.shell:Creating environment hook '/home/roboticslab/ros2_ws/install/yolo_msgs/share/yolo_msgs/hook/ld_library_path_lib.sh'
[1.233s] Level 1:colcon.colcon_core.environment:checking '/home/roboticslab/ros2_ws/install/yolo_msgs/bin'
[1.233s] Level 1:colcon.colcon_core.environment:checking '/home/roboticslab/ros2_ws/install/yolo_msgs/lib/pkgconfig/yolo_msgs.pc'
[1.234s] Level 1:colcon.colcon_core.environment:checking '/home/roboticslab/ros2_ws/install/yolo_msgs/lib/python3.12/site-packages'
[1.234s] Level 1:colcon.colcon_core.shell:create_environment_hook('yolo_msgs', 'pythonpath')
[1.234s] INFO:colcon.colcon_core.shell:Creating environment hook '/home/roboticslab/ros2_ws/install/yolo_msgs/share/yolo_msgs/hook/pythonpath.ps1'
[1.234s] INFO:colcon.colcon_core.shell:Creating environment descriptor '/home/roboticslab/ros2_ws/install/yolo_msgs/share/yolo_msgs/hook/pythonpath.dsv'
[1.235s] INFO:colcon.colcon_core.shell:Creating environment hook '/home/roboticslab/ros2_ws/install/yolo_msgs/share/yolo_msgs/hook/pythonpath.sh'
[1.235s] Level 1:colcon.colcon_core.environment:checking '/home/roboticslab/ros2_ws/install/yolo_msgs/bin'
[1.236s] INFO:colcon.colcon_core.shell:Creating package script '/home/roboticslab/ros2_ws/install/yolo_msgs/share/yolo_msgs/package.ps1'
[1.236s] INFO:colcon.colcon_core.shell:Creating package descriptor '/home/roboticslab/ros2_ws/install/yolo_msgs/share/yolo_msgs/package.dsv'
[1.237s] INFO:colcon.colcon_core.shell:Creating package script '/home/roboticslab/ros2_ws/install/yolo_msgs/share/yolo_msgs/package.sh'
[1.237s] INFO:colcon.colcon_core.shell:Creating package script '/home/roboticslab/ros2_ws/install/yolo_msgs/share/yolo_msgs/package.bash'
[1.238s] INFO:colcon.colcon_core.shell:Creating package script '/home/roboticslab/ros2_ws/install/yolo_msgs/share/yolo_msgs/package.zsh'
[1.238s] Level 1:colcon.colcon_core.environment:create_file_with_runtime_dependencies(/home/roboticslab/ros2_ws/install/yolo_msgs/share/colcon-core/packages/yolo_msgs)
[1.291s] INFO:colcon.colcon_ros.task.ament_python.build:Building ROS package in '/home/roboticslab/ros2_ws/src/yolo_ros/yolo_ros' with build type 'ament_python'
[1.291s] Level 1:colcon.colcon_core.shell:create_environment_hook('yolo_ros', 'ament_prefix_path')
[1.291s] INFO:colcon.colcon_core.shell:Creating environment hook '/home/roboticslab/ros2_ws/install/yolo_ros/share/yolo_ros/hook/ament_prefix_path.ps1'
[1.292s] INFO:colcon.colcon_core.shell:Creating environment descriptor '/home/roboticslab/ros2_ws/install/yolo_ros/share/yolo_ros/hook/ament_prefix_path.dsv'
[1.292s] INFO:colcon.colcon_core.shell:Creating environment hook '/home/roboticslab/ros2_ws/install/yolo_ros/share/yolo_ros/hook/ament_prefix_path.sh'
[1.293s] INFO:colcon.colcon_core.shell:Skip shell extension 'powershell' for command environment: Not usable outside of PowerShell
[1.293s] DEBUG:colcon.colcon_core.shell:Skip shell extension 'dsv' for command environment
[1.621s] INFO:colcon.colcon_core.task.python.build:Building Python package in '/home/roboticslab/ros2_ws/src/yolo_ros/yolo_ros'
[1.621s] INFO:colcon.colcon_core.shell:Skip shell extension 'powershell' for command environment: Not usable outside of PowerShell
[1.622s] DEBUG:colcon.colcon_core.shell:Skip shell extension 'dsv' for command environment
[2.581s] DEBUG:colcon.colcon_core.event_handler.log_command:Invoking command in '/home/roboticslab/ros2_ws/build/yolo_ros': CMAKE_PREFIX_PATH=/home/roboticslab/ros2_ws/install/yolo_msgs:/home/roboticslab/ros2_ws/install/yolo_bringup:/home/roboticslab/ws_moveit/install/robotiq_hardware_tests:/home/roboticslab/ws_moveit/install/robotiq_driver:/home/roboticslab/ws_moveit/install/serial:/home/roboticslab/ws_moveit/install/moveit2_tutorials:/home/roboticslab/ws_moveit/install/moveit_visual_tools:/home/roboticslab/ws_moveit/install/rviz_visual_tools:/home/roboticslab/ws_moveit/install/moveit_task_constructor_demo:/home/roboticslab/ws_moveit/install/moveit_task_constructor_visualization:/home/roboticslab/ws_moveit/install/moveit_task_constructor_capabilities:/home/roboticslab/ws_moveit/install/moveit_task_constructor_core:/home/roboticslab/ws_moveit/install/rviz_marker_tools:/home/roboticslab/ws_moveit/install/kortex_bringup:/home/roboticslab/ws_moveit/install/kinova_gen3_lite_moveit_config:/home/roboticslab/ws_moveit/install/kinova_gen3_7dof_robotiq_2f_85_moveit_config:/home/roboticslab/ws_moveit/install/kinova_gen3_6dof_robotiq_2f_85_moveit_config:/home/roboticslab/ws_moveit/install/kortex_description:/home/roboticslab/ws_moveit/install/robotiq_description:/home/roboticslab/ws_moveit/install/robotiq_controllers:/home/roboticslab/ws_moveit/install/pilz_industrial_motion_planner_testutils:/home/roboticslab/ws_moveit/install/moveit_runtime:/home/roboticslab/ws_moveit/install/moveit:/home/roboticslab/ws_moveit/install/moveit_planners:/home/roboticslab/ws_moveit/install/pilz_industrial_motion_planner:/home/roboticslab/ws_moveit/install/moveit_task_constructor_msgs:/home/roboticslab/ws_moveit/install/moveit_ros_control_interface:/home/roboticslab/ws_moveit/install/moveit_plugins:/home/roboticslab/ws_moveit/install/moveit_simple_controller_manager:/home/roboticslab/ws_moveit/install/moveit_setup_assistant:/home/roboticslab/ws_moveit/install/moveit_setup_srdf_plugins:/home/roboticslab/ws_moveit/install/moveit_setup_core_plugins:/home/roboticslab/ws_moveit/install/moveit_setup_controllers:/home/roboticslab/ws_moveit/install/moveit_setup_app_plugins:/home/roboticslab/ws_moveit/install/moveit_setup_framework:/home/roboticslab/ws_moveit/install/moveit_servo:/home/roboticslab/ws_moveit/install/moveit_ros_trajectory_cache:/home/roboticslab/ws_moveit/install/moveit_ros:/home/roboticslab/ws_moveit/install/moveit_ros_visualization:/home/roboticslab/ws_moveit/install/moveit_py:/home/roboticslab/ws_moveit/install/moveit_hybrid_planning:/home/roboticslab/ws_moveit/install/moveit_ros_planning_interface:/home/roboticslab/ws_moveit/install/moveit_ros_benchmarks:/home/roboticslab/ws_moveit/install/moveit_ros_warehouse:/home/roboticslab/ws_moveit/install/moveit_ros_robot_interaction:/home/roboticslab/ws_moveit/install/moveit_ros_perception:/home/roboticslab/ws_moveit/install/moveit_resources_prbt_pg70_support:/home/roboticslab/ws_moveit/install/moveit_resources_prbt_moveit_config:/home/roboticslab/ws_moveit/install/moveit_ros_move_group:/home/roboticslab/ws_moveit/install/moveit_planners_ompl:/home/roboticslab/ws_moveit/install/moveit_kinematics:/home/roboticslab/ws_moveit/install/moveit_ros_planning:/home/roboticslab/ws_moveit/install/moveit_ros_occupancy_map_monitor:/home/roboticslab/ws_moveit/install/moveit_resources_prbt_support:/home/roboticslab/ws_moveit/install/moveit_resources_prbt_ikfast_manipulator_plugin:/home/roboticslab/ws_moveit/install/moveit_resources:/home/roboticslab/ws_moveit/install/moveit_resources_pr2_description:/home/roboticslab/ws_moveit/install/moveit_resources_panda_moveit_config:/home/roboticslab/ws_moveit/install/dual_arm_panda_moveit_config:/home/roboticslab/ws_moveit/install/moveit_resources_panda_description:/home/roboticslab/ws_moveit/install/moveit_resources_fanuc_moveit_config:/home/roboticslab/ws_moveit/install/moveit_resources_fanuc_description:/home/roboticslab/ws_moveit/install/moveit_planners_stomp:/home/roboticslab/ws_moveit/install/moveit_planners_chomp:/home/roboticslab/ws_moveit/install/chomp_motion_planner:/home/roboticslab/ws_moveit/install/moveit_core:/home/roboticslab/ws_moveit/install/moveit_msgs:/home/roboticslab/ws_moveit/install/moveit_common:/home/roboticslab/ws_moveit/install/kortex_driver:/home/roboticslab/ws_moveit/install/kortex_api:/opt/ros/kilted/opt/gz_sim_vendor:/opt/ros/kilted/opt/gz_sensors_vendor:/opt/ros/kilted/opt/gz_physics_vendor:/opt/ros/kilted/opt/sdformat_vendor:/opt/ros/kilted/opt/gz_gui_vendor:/opt/ros/kilted/opt/gz_transport_vendor:/opt/ros/kilted/opt/gz_rendering_vendor:/opt/ros/kilted/opt/gz_plugin_vendor:/opt/ros/kilted/opt/gz_fuel_tools_vendor:/opt/ros/kilted/opt/gz_msgs_vendor:/opt/ros/kilted/opt/gz_common_vendor:/opt/ros/kilted/opt/gz_math_vendor:/opt/ros/kilted/opt/gz_utils_vendor:/opt/ros/kilted/opt/gz_tools_vendor:/opt/ros/kilted/opt/gz_ogre_next_vendor:/opt/ros/kilted/opt/gz_dartsim_vendor:/opt/ros/kilted/opt/gz_cmake_vendor DEBUGINFOD_URLS=https://debuginfod.ubuntu.com PYTHONPATH=/home/roboticslab/ros2_ws/build/yolo_ros/prefix_override:/usr/lib/python3/dist-packages/colcon_core/task/python/colcon_distutils_commands:/home/roboticslab/ros2_ws/install/yolo_ros/lib/python3.12/site-packages:/home/roboticslab/ros2_ws/install/yolo_msgs/lib/python3.12/site-packages:/home/roboticslab/ros2_ws/build/yolo_ros:/home/roboticslab/ros2_ws/install/yolo_ros/lib/python3.12/site-packages:/home/roboticslab/ros2_ws/build/so101_gripper_control:/home/roboticslab/ros2_ws/install/so101_gripper_control/lib/python3.12/site-packages:/home/roboticslab/ws_moveit/install/moveit_task_constructor_core/lib/python3.12/site-packages:/home/roboticslab/ws_moveit/install/moveit_task_constructor_msgs/lib/python3.12/site-packages:/home/roboticslab/ws_moveit/install/moveit_py/lib/python3.12/site-packages:/home/roboticslab/ws_moveit/install/moveit_msgs/lib/python3.12/site-packages:/home/roboticslab/ws_moveit/install/moveit_configs_utils/lib/python3.12/site-packages:/opt/ros/kilted/lib/python3.12/site-packages /usr/bin/python3 -W ignore:setup.py install is deprecated -W ignore:easy_install command is deprecated setup.py develop --editable --build-directory /home/roboticslab/ros2_ws/build/yolo_ros/build --no-deps symlink_data
[3.713s] Level 1:colcon.colcon_core.shell:create_environment_hook('yolo_ros', 'pythonpath_develop')
[3.714s] INFO:colcon.colcon_core.shell:Creating environment hook '/home/roboticslab/ros2_ws/build/yolo_ros/share/yolo_ros/hook/pythonpath_develop.ps1'
[3.714s] DEBUG:colcon.colcon_core.event_handler.log_command:Invoked command in '/home/roboticslab/ros2_ws/build/yolo_ros' returned '0': CMAKE_PREFIX_PATH=/home/roboticslab/ros2_ws/install/yolo_msgs:/home/roboticslab/ros2_ws/install/yolo_bringup:/home/roboticslab/ws_moveit/install/robotiq_hardware_tests:/home/roboticslab/ws_moveit/install/robotiq_driver:/home/roboticslab/ws_moveit/install/serial:/home/roboticslab/ws_moveit/install/moveit2_tutorials:/home/roboticslab/ws_moveit/install/moveit_visual_tools:/home/roboticslab/ws_moveit/install/rviz_visual_tools:/home/roboticslab/ws_moveit/install/moveit_task_constructor_demo:/home/roboticslab/ws_moveit/install/moveit_task_constructor_visualization:/home/roboticslab/ws_moveit/install/moveit_task_constructor_capabilities:/home/roboticslab/ws_moveit/install/moveit_task_constructor_core:/home/roboticslab/ws_moveit/install/rviz_marker_tools:/home/roboticslab/ws_moveit/install/kortex_bringup:/home/roboticslab/ws_moveit/install/kinova_gen3_lite_moveit_config:/home/roboticslab/ws_moveit/install/kinova_gen3_7dof_robotiq_2f_85_moveit_config:/home/roboticslab/ws_moveit/install/kinova_gen3_6dof_robotiq_2f_85_moveit_config:/home/roboticslab/ws_moveit/install/kortex_description:/home/roboticslab/ws_moveit/install/robotiq_description:/home/roboticslab/ws_moveit/install/robotiq_controllers:/home/roboticslab/ws_moveit/install/pilz_industrial_motion_planner_testutils:/home/roboticslab/ws_moveit/install/moveit_runtime:/home/roboticslab/ws_moveit/install/moveit:/home/roboticslab/ws_moveit/install/moveit_planners:/home/roboticslab/ws_moveit/install/pilz_industrial_motion_planner:/home/roboticslab/ws_moveit/install/moveit_task_constructor_msgs:/home/roboticslab/ws_moveit/install/moveit_ros_control_interface:/home/roboticslab/ws_moveit/install/moveit_plugins:/home/roboticslab/ws_moveit/install/moveit_simple_controller_manager:/home/roboticslab/ws_moveit/install/moveit_setup_assistant:/home/roboticslab/ws_moveit/install/moveit_setup_srdf_plugins:/home/roboticslab/ws_moveit/install/moveit_setup_core_plugins:/home/roboticslab/ws_moveit/install/moveit_setup_controllers:/home/roboticslab/ws_moveit/install/moveit_setup_app_plugins:/home/roboticslab/ws_moveit/install/moveit_setup_framework:/home/roboticslab/ws_moveit/install/moveit_servo:/home/roboticslab/ws_moveit/install/moveit_ros_trajectory_cache:/home/roboticslab/ws_moveit/install/moveit_ros:/home/roboticslab/ws_moveit/install/moveit_ros_visualization:/home/roboticslab/ws_moveit/install/moveit_py:/home/roboticslab/ws_moveit/install/moveit_hybrid_planning:/home/roboticslab/ws_moveit/install/moveit_ros_planning_interface:/home/roboticslab/ws_moveit/install/moveit_ros_benchmarks:/home/roboticslab/ws_moveit/install/moveit_ros_warehouse:/home/roboticslab/ws_moveit/install/moveit_ros_robot_interaction:/home/roboticslab/ws_moveit/install/moveit_ros_perception:/home/roboticslab/ws_moveit/install/moveit_resources_prbt_pg70_support:/home/roboticslab/ws_moveit/install/moveit_resources_prbt_moveit_config:/home/roboticslab/ws_moveit/install/moveit_ros_move_group:/home/roboticslab/ws_moveit/install/moveit_planners_ompl:/home/roboticslab/ws_moveit/install/moveit_kinematics:/home/roboticslab/ws_moveit/install/moveit_ros_planning:/home/roboticslab/ws_moveit/install/moveit_ros_occupancy_map_monitor:/home/roboticslab/ws_moveit/install/moveit_resources_prbt_support:/home/roboticslab/ws_moveit/install/moveit_resources_prbt_ikfast_manipulator_plugin:/home/roboticslab/ws_moveit/install/moveit_resources:/home/roboticslab/ws_moveit/install/moveit_resources_pr2_description:/home/roboticslab/ws_moveit/install/moveit_resources_panda_moveit_config:/home/roboticslab/ws_moveit/install/dual_arm_panda_moveit_config:/home/roboticslab/ws_moveit/install/moveit_resources_panda_description:/home/roboticslab/ws_moveit/install/moveit_resources_fanuc_moveit_config:/home/roboticslab/ws_moveit/install/moveit_resources_fanuc_description:/home/roboticslab/ws_moveit/install/moveit_planners_stomp:/home/roboticslab/ws_moveit/install/moveit_planners_chomp:/home/roboticslab/ws_moveit/install/chomp_motion_planner:/home/roboticslab/ws_moveit/install/moveit_core:/home/roboticslab/ws_moveit/install/moveit_msgs:/home/roboticslab/ws_moveit/install/moveit_common:/home/roboticslab/ws_moveit/install/kortex_driver:/home/roboticslab/ws_moveit/install/kortex_api:/opt/ros/kilted/opt/gz_sim_vendor:/opt/ros/kilted/opt/gz_sensors_vendor:/opt/ros/kilted/opt/gz_physics_vendor:/opt/ros/kilted/opt/sdformat_vendor:/opt/ros/kilted/opt/gz_gui_vendor:/opt/ros/kilted/opt/gz_transport_vendor:/opt/ros/kilted/opt/gz_rendering_vendor:/opt/ros/kilted/opt/gz_plugin_vendor:/opt/ros/kilted/opt/gz_fuel_tools_vendor:/opt/ros/kilted/opt/gz_msgs_vendor:/opt/ros/kilted/opt/gz_common_vendor:/opt/ros/kilted/opt/gz_math_vendor:/opt/ros/kilted/opt/gz_utils_vendor:/opt/ros/kilted/opt/gz_tools_vendor:/opt/ros/kilted/opt/gz_ogre_next_vendor:/opt/ros/kilted/opt/gz_dartsim_vendor:/opt/ros/kilted/opt/gz_cmake_vendor DEBUGINFOD_URLS=https://debuginfod.ubuntu.com PYTHONPATH=/home/roboticslab/ros2_ws/build/yolo_ros/prefix_override:/usr/lib/python3/dist-packages/colcon_core/task/python/colcon_distutils_commands:/home/roboticslab/ros2_ws/install/yolo_ros/lib/python3.12/site-packages:/home/roboticslab/ros2_ws/install/yolo_msgs/lib/python3.12/site-packages:/home/roboticslab/ros2_ws/build/yolo_ros:/home/roboticslab/ros2_ws/install/yolo_ros/lib/python3.12/site-packages:/home/roboticslab/ros2_ws/build/so101_gripper_control:/home/roboticslab/ros2_ws/install/so101_gripper_control/lib/python3.12/site-packages:/home/roboticslab/ws_moveit/install/moveit_task_constructor_core/lib/python3.12/site-packages:/home/roboticslab/ws_moveit/install/moveit_task_constructor_msgs/lib/python3.12/site-packages:/home/roboticslab/ws_moveit/install/moveit_py/lib/python3.12/site-packages:/home/roboticslab/ws_moveit/install/moveit_msgs/lib/python3.12/site-packages:/home/roboticslab/ws_moveit/install/moveit_configs_utils/lib/python3.12/site-packages:/opt/ros/kilted/lib/python3.12/site-packages /usr/bin/python3 -W ignore:setup.py install is deprecated -W ignore:easy_install command is deprecated setup.py develop --editable --build-directory /home/roboticslab/ros2_ws/build/yolo_ros/build --no-deps symlink_data
[3.715s] INFO:colcon.colcon_core.shell:Creating environment descriptor '/home/roboticslab/ros2_ws/build/yolo_ros/share/yolo_ros/hook/pythonpath_develop.dsv'
[3.715s] INFO:colcon.colcon_core.shell:Creating environment hook '/home/roboticslab/ros2_ws/build/yolo_ros/share/yolo_ros/hook/pythonpath_develop.sh'
[3.716s] Level 1:colcon.colcon_core.environment:checking '/home/roboticslab/ros2_ws/install/yolo_ros' for CMake module files
[3.716s] Level 1:colcon.colcon_core.environment:checking '/home/roboticslab/ros2_ws/install/yolo_ros' for CMake config files
[3.717s] Level 1:colcon.colcon_core.environment:checking '/home/roboticslab/ros2_ws/install/yolo_ros/lib'
[3.717s] Level 1:colcon.colcon_core.environment:checking '/home/roboticslab/ros2_ws/install/yolo_ros/bin'
[3.717s] Level 1:colcon.colcon_core.environment:checking '/home/roboticslab/ros2_ws/install/yolo_ros/lib/pkgconfig/yolo_ros.pc'
[3.717s] Level 1:colcon.colcon_core.environment:checking '/home/roboticslab/ros2_ws/install/yolo_ros/lib/python3.12/site-packages'
[3.717s] Level 1:colcon.colcon_core.shell:create_environment_hook('yolo_ros', 'pythonpath')
[3.717s] INFO:colcon.colcon_core.shell:Creating environment hook '/home/roboticslab/ros2_ws/install/yolo_ros/share/yolo_ros/hook/pythonpath.ps1'
[3.718s] INFO:colcon.colcon_core.shell:Creating environment descriptor '/home/roboticslab/ros2_ws/install/yolo_ros/share/yolo_ros/hook/pythonpath.dsv'
[3.718s] INFO:colcon.colcon_core.shell:Creating environment hook '/home/roboticslab/ros2_ws/install/yolo_ros/share/yolo_ros/hook/pythonpath.sh'
[3.719s] Level 1:colcon.colcon_core.environment:checking '/home/roboticslab/ros2_ws/install/yolo_ros/bin'
[3.719s] Level 1:colcon.colcon_core.environment:create_environment_scripts_only(yolo_ros)
[3.719s] INFO:colcon.colcon_core.shell:Creating package script '/home/roboticslab/ros2_ws/install/yolo_ros/share/yolo_ros/package.ps1'
[3.720s] INFO:colcon.colcon_core.shell:Creating package descriptor '/home/roboticslab/ros2_ws/install/yolo_ros/share/yolo_ros/package.dsv'
[3.720s] INFO:colcon.colcon_core.shell:Creating package script '/home/roboticslab/ros2_ws/install/yolo_ros/share/yolo_ros/package.sh'
[3.721s] INFO:colcon.colcon_core.shell:Creating package script '/home/roboticslab/ros2_ws/install/yolo_ros/share/yolo_ros/package.bash'
[3.721s] INFO:colcon.colcon_core.shell:Creating package script '/home/roboticslab/ros2_ws/install/yolo_ros/share/yolo_ros/package.zsh'
[3.721s] Level 1:colcon.colcon_core.environment:create_file_with_runtime_dependencies(/home/roboticslab/ros2_ws/install/yolo_ros/share/colcon-core/packages/yolo_ros)
[3.721s] INFO:colcon.colcon_ros.task.ament_cmake.build:Building ROS package in '/home/roboticslab/ros2_ws/src/yolo_ros/yolo_bringup' with build type 'ament_cmake'
[3.722s] INFO:colcon.colcon_cmake.task.cmake.build:Building CMake package in '/home/roboticslab/ros2_ws/src/yolo_ros/yolo_bringup'
[3.722s] INFO:colcon.colcon_core.shell:Skip shell extension 'powershell' for command environment: Not usable outside of PowerShell
[3.722s] DEBUG:colcon.colcon_core.shell:Skip shell extension 'dsv' for command environment
[3.744s] DEBUG:colcon.colcon_core.event_handler.log_command:Invoking command in '/home/roboticslab/ros2_ws/build/yolo_bringup': AMENT_PREFIX_PATH=/home/roboticslab/ros2_ws/install/yolo_ros:/home/roboticslab/ros2_ws/install/yolo_bringup:/home/roboticslab/ros2_ws/install/yolo_msgs:/home/roboticslab/ros2_ws/install/so101_gripper_control:/home/roboticslab/ws_moveit/install/robotiq_hardware_tests:/home/roboticslab/ws_moveit/install/robotiq_driver:/home/roboticslab/ws_moveit/install/serial:/home/roboticslab/ws_moveit/install/moveit2_tutorials:/home/roboticslab/ws_moveit/install/moveit_visual_tools:/home/roboticslab/ws_moveit/install/rviz_visual_tools:/home/roboticslab/ws_moveit/install/moveit_task_constructor_demo:/home/roboticslab/ws_moveit/install/moveit_task_constructor_visualization:/home/roboticslab/ws_moveit/install/moveit_task_constructor_capabilities:/home/roboticslab/ws_moveit/install/moveit_task_constructor_core:/home/roboticslab/ws_moveit/install/rviz_marker_tools:/home/roboticslab/ws_moveit/install/kortex_bringup:/home/roboticslab/ws_moveit/install/kinova_gen3_lite_moveit_config:/home/roboticslab/ws_moveit/install/kinova_gen3_7dof_robotiq_2f_85_moveit_config:/home/roboticslab/ws_moveit/install/kinova_gen3_6dof_robotiq_2f_85_moveit_config:/home/roboticslab/ws_moveit/install/kortex_description:/home/roboticslab/ws_moveit/install/robotiq_description:/home/roboticslab/ws_moveit/install/robotiq_controllers:/home/roboticslab/ws_moveit/install/pilz_industrial_motion_planner_testutils:/home/roboticslab/ws_moveit/install/moveit_runtime:/home/roboticslab/ws_moveit/install/moveit:/home/roboticslab/ws_moveit/install/moveit_planners:/home/roboticslab/ws_moveit/install/pilz_industrial_motion_planner:/home/roboticslab/ws_moveit/install/moveit_task_constructor_msgs:/home/roboticslab/ws_moveit/install/moveit_ros_control_interface:/home/roboticslab/ws_moveit/install/moveit_plugins:/home/roboticslab/ws_moveit/install/moveit_simple_controller_manager:/home/roboticslab/ws_moveit/install/moveit_setup_assistant:/home/roboticslab/ws_moveit/install/moveit_setup_srdf_plugins:/home/roboticslab/ws_moveit/install/moveit_setup_core_plugins:/home/roboticslab/ws_moveit/install/moveit_setup_controllers:/home/roboticslab/ws_moveit/install/moveit_setup_app_plugins:/home/roboticslab/ws_moveit/install/moveit_setup_framework:/home/roboticslab/ws_moveit/install/moveit_servo:/home/roboticslab/ws_moveit/install/moveit_ros_trajectory_cache:/home/roboticslab/ws_moveit/install/moveit_ros:/home/roboticslab/ws_moveit/install/moveit_ros_visualization:/home/roboticslab/ws_moveit/install/moveit_py:/home/roboticslab/ws_moveit/install/moveit_hybrid_planning:/home/roboticslab/ws_moveit/install/moveit_ros_planning_interface:/home/roboticslab/ws_moveit/install/moveit_ros_benchmarks:/home/roboticslab/ws_moveit/install/moveit_ros_warehouse:/home/roboticslab/ws_moveit/install/moveit_ros_robot_interaction:/home/roboticslab/ws_moveit/install/moveit_ros_perception:/home/roboticslab/ws_moveit/install/moveit_resources_prbt_pg70_support:/home/roboticslab/ws_moveit/install/moveit_resources_prbt_moveit_config:/home/roboticslab/ws_moveit/install/moveit_ros_move_group:/home/roboticslab/ws_moveit/install/moveit_planners_ompl:/home/roboticslab/ws_moveit/install/moveit_kinematics:/home/roboticslab/ws_moveit/install/moveit_ros_planning:/home/roboticslab/ws_moveit/install/moveit_ros_occupancy_map_monitor:/home/roboticslab/ws_moveit/install/moveit_resources_prbt_support:/home/roboticslab/ws_moveit/install/moveit_resources_prbt_ikfast_manipulator_plugin:/home/roboticslab/ws_moveit/install/moveit_resources:/home/roboticslab/ws_moveit/install/moveit_resources_pr2_description:/home/roboticslab/ws_moveit/install/moveit_resources_panda_moveit_config:/home/roboticslab/ws_moveit/install/dual_arm_panda_moveit_config:/home/roboticslab/ws_moveit/install/moveit_resources_panda_description:/home/roboticslab/ws_moveit/install/moveit_resources_fanuc_moveit_config:/home/roboticslab/ws_moveit/install/moveit_resources_fanuc_description:/home/roboticslab/ws_moveit/install/moveit_planners_stomp:/home/roboticslab/ws_moveit/install/moveit_planners_chomp:/home/roboticslab/ws_moveit/install/chomp_motion_planner:/home/roboticslab/ws_moveit/install/moveit_core:/home/roboticslab/ws_moveit/install/moveit_msgs:/home/roboticslab/ws_moveit/install/moveit_configs_utils:/home/roboticslab/ws_moveit/install/moveit_common:/home/roboticslab/ws_moveit/install/kortex_driver:/home/roboticslab/ws_moveit/install/kortex_api:/opt/ros/kilted CMAKE_PREFIX_PATH=/home/roboticslab/ros2_ws/install/yolo_msgs:/home/roboticslab/ros2_ws/install/yolo_bringup:/home/roboticslab/ws_moveit/install/robotiq_hardware_tests:/home/roboticslab/ws_moveit/install/robotiq_driver:/home/roboticslab/ws_moveit/install/serial:/home/roboticslab/ws_moveit/install/moveit2_tutorials:/home/roboticslab/ws_moveit/install/moveit_visual_tools:/home/roboticslab/ws_moveit/install/rviz_visual_tools:/home/roboticslab/ws_moveit/install/moveit_task_constructor_demo:/home/roboticslab/ws_moveit/install/moveit_task_constructor_visualization:/home/roboticslab/ws_moveit/install/moveit_task_constructor_capabilities:/home/roboticslab/ws_moveit/install/moveit_task_constructor_core:/home/roboticslab/ws_moveit/install/rviz_marker_tools:/home/roboticslab/ws_moveit/install/kortex_bringup:/home/roboticslab/ws_moveit/install/kinova_gen3_lite_moveit_config:/home/roboticslab/ws_moveit/install/kinova_gen3_7dof_robotiq_2f_85_moveit_config:/home/roboticslab/ws_moveit/install/kinova_gen3_6dof_robotiq_2f_85_moveit_config:/home/roboticslab/ws_moveit/install/kortex_description:/home/roboticslab/ws_moveit/install/robotiq_description:/home/roboticslab/ws_moveit/install/robotiq_controllers:/home/roboticslab/ws_moveit/install/pilz_industrial_motion_planner_testutils:/home/roboticslab/ws_moveit/install/moveit_runtime:/home/roboticslab/ws_moveit/install/moveit:/home/roboticslab/ws_moveit/install/moveit_planners:/home/roboticslab/ws_moveit/install/pilz_industrial_motion_planner:/home/roboticslab/ws_moveit/install/moveit_task_constructor_msgs:/home/roboticslab/ws_moveit/install/moveit_ros_control_interface:/home/roboticslab/ws_moveit/install/moveit_plugins:/home/roboticslab/ws_moveit/install/moveit_simple_controller_manager:/home/roboticslab/ws_moveit/install/moveit_setup_assistant:/home/roboticslab/ws_moveit/install/moveit_setup_srdf_plugins:/home/roboticslab/ws_moveit/install/moveit_setup_core_plugins:/home/roboticslab/ws_moveit/install/moveit_setup_controllers:/home/roboticslab/ws_moveit/install/moveit_setup_app_plugins:/home/roboticslab/ws_moveit/install/moveit_setup_framework:/home/roboticslab/ws_moveit/install/moveit_servo:/home/roboticslab/ws_moveit/install/moveit_ros_trajectory_cache:/home/roboticslab/ws_moveit/install/moveit_ros:/home/roboticslab/ws_moveit/install/moveit_ros_visualization:/home/roboticslab/ws_moveit/install/moveit_py:/home/roboticslab/ws_moveit/install/moveit_hybrid_planning:/home/roboticslab/ws_moveit/install/moveit_ros_planning_interface:/home/roboticslab/ws_moveit/install/moveit_ros_benchmarks:/home/roboticslab/ws_moveit/install/moveit_ros_warehouse:/home/roboticslab/ws_moveit/install/moveit_ros_robot_interaction:/home/roboticslab/ws_moveit/install/moveit_ros_perception:/home/roboticslab/ws_moveit/install/moveit_resources_prbt_pg70_support:/home/roboticslab/ws_moveit/install/moveit_resources_prbt_moveit_config:/home/roboticslab/ws_moveit/install/moveit_ros_move_group:/home/roboticslab/ws_moveit/install/moveit_planners_ompl:/home/roboticslab/ws_moveit/install/moveit_kinematics:/home/roboticslab/ws_moveit/install/moveit_ros_planning:/home/roboticslab/ws_moveit/install/moveit_ros_occupancy_map_monitor:/home/roboticslab/ws_moveit/install/moveit_resources_prbt_support:/home/roboticslab/ws_moveit/install/moveit_resources_prbt_ikfast_manipulator_plugin:/home/roboticslab/ws_moveit/install/moveit_resources:/home/roboticslab/ws_moveit/install/moveit_resources_pr2_description:/home/roboticslab/ws_moveit/install/moveit_resources_panda_moveit_config:/home/roboticslab/ws_moveit/install/dual_arm_panda_moveit_config:/home/roboticslab/ws_moveit/install/moveit_resources_panda_description:/home/roboticslab/ws_moveit/install/moveit_resources_fanuc_moveit_config:/home/roboticslab/ws_moveit/install/moveit_resources_fanuc_description:/home/roboticslab/ws_moveit/install/moveit_planners_stomp:/home/roboticslab/ws_moveit/install/moveit_planners_chomp:/home/roboticslab/ws_moveit/install/chomp_motion_planner:/home/roboticslab/ws_moveit/install/moveit_core:/home/roboticslab/ws_moveit/install/moveit_msgs:/home/roboticslab/ws_moveit/install/moveit_common:/home/roboticslab/ws_moveit/install/kortex_driver:/home/roboticslab/ws_moveit/install/kortex_api:/opt/ros/kilted/opt/gz_sim_vendor:/opt/ros/kilted/opt/gz_sensors_vendor:/opt/ros/kilted/opt/gz_physics_vendor:/opt/ros/kilted/opt/sdformat_vendor:/opt/ros/kilted/opt/gz_gui_vendor:/opt/ros/kilted/opt/gz_transport_vendor:/opt/ros/kilted/opt/gz_rendering_vendor:/opt/ros/kilted/opt/gz_plugin_vendor:/opt/ros/kilted/opt/gz_fuel_tools_vendor:/opt/ros/kilted/opt/gz_msgs_vendor:/opt/ros/kilted/opt/gz_common_vendor:/opt/ros/kilted/opt/gz_math_vendor:/opt/ros/kilted/opt/gz_utils_vendor:/opt/ros/kilted/opt/gz_tools_vendor:/opt/ros/kilted/opt/gz_ogre_next_vendor:/opt/ros/kilted/opt/gz_dartsim_vendor:/opt/ros/kilted/opt/gz_cmake_vendor:/home/roboticslab/ros2_ws/install/yolo_ros:/home/roboticslab/ros2_ws/install/so101_gripper_control:/home/roboticslab/ws_moveit/install/moveit_configs_utils:/opt/ros/kilted DEBUGINFOD_URLS=https://debuginfod.ubuntu.com /usr/bin/cmake --build /home/roboticslab/ros2_ws/build/yolo_bringup -- -j4 -l4
[3.801s] DEBUG:colcon.colcon_core.event_handler.log_command:Invoked command in '/home/roboticslab/ros2_ws/build/yolo_bringup' returned '0': AMENT_PREFIX_PATH=/home/roboticslab/ros2_ws/install/yolo_ros:/home/roboticslab/ros2_ws/install/yolo_bringup:/home/roboticslab/ros2_ws/install/yolo_msgs:/home/roboticslab/ros2_ws/install/so101_gripper_control:/home/roboticslab/ws_moveit/install/robotiq_hardware_tests:/home/roboticslab/ws_moveit/install/robotiq_driver:/home/roboticslab/ws_moveit/install/serial:/home/roboticslab/ws_moveit/install/moveit2_tutorials:/home/roboticslab/ws_moveit/install/moveit_visual_tools:/home/roboticslab/ws_moveit/install/rviz_visual_tools:/home/roboticslab/ws_moveit/install/moveit_task_constructor_demo:/home/roboticslab/ws_moveit/install/moveit_task_constructor_visualization:/home/roboticslab/ws_moveit/install/moveit_task_constructor_capabilities:/home/roboticslab/ws_moveit/install/moveit_task_constructor_core:/home/roboticslab/ws_moveit/install/rviz_marker_tools:/home/roboticslab/ws_moveit/install/kortex_bringup:/home/roboticslab/ws_moveit/install/kinova_gen3_lite_moveit_config:/home/roboticslab/ws_moveit/install/kinova_gen3_7dof_robotiq_2f_85_moveit_config:/home/roboticslab/ws_moveit/install/kinova_gen3_6dof_robotiq_2f_85_moveit_config:/home/roboticslab/ws_moveit/install/kortex_description:/home/roboticslab/ws_moveit/install/robotiq_description:/home/roboticslab/ws_moveit/install/robotiq_controllers:/home/roboticslab/ws_moveit/install/pilz_industrial_motion_planner_testutils:/home/roboticslab/ws_moveit/install/moveit_runtime:/home/roboticslab/ws_moveit/install/moveit:/home/roboticslab/ws_moveit/install/moveit_planners:/home/roboticslab/ws_moveit/install/pilz_industrial_motion_planner:/home/roboticslab/ws_moveit/install/moveit_task_constructor_msgs:/home/roboticslab/ws_moveit/install/moveit_ros_control_interface:/home/roboticslab/ws_moveit/install/moveit_plugins:/home/roboticslab/ws_moveit/install/moveit_simple_controller_manager:/home/roboticslab/ws_moveit/install/moveit_setup_assistant:/home/roboticslab/ws_moveit/install/moveit_setup_srdf_plugins:/home/roboticslab/ws_moveit/install/moveit_setup_core_plugins:/home/roboticslab/ws_moveit/install/moveit_setup_controllers:/home/roboticslab/ws_moveit/install/moveit_setup_app_plugins:/home/roboticslab/ws_moveit/install/moveit_setup_framework:/home/roboticslab/ws_moveit/install/moveit_servo:/home/roboticslab/ws_moveit/install/moveit_ros_trajectory_cache:/home/roboticslab/ws_moveit/install/moveit_ros:/home/roboticslab/ws_moveit/install/moveit_ros_visualization:/home/roboticslab/ws_moveit/install/moveit_py:/home/roboticslab/ws_moveit/install/moveit_hybrid_planning:/home/roboticslab/ws_moveit/install/moveit_ros_planning_interface:/home/roboticslab/ws_moveit/install/moveit_ros_benchmarks:/home/roboticslab/ws_moveit/install/moveit_ros_warehouse:/home/roboticslab/ws_moveit/install/moveit_ros_robot_interaction:/home/roboticslab/ws_moveit/install/moveit_ros_perception:/home/roboticslab/ws_moveit/install/moveit_resources_prbt_pg70_support:/home/roboticslab/ws_moveit/install/moveit_resources_prbt_moveit_config:/home/roboticslab/ws_moveit/install/moveit_ros_move_group:/home/roboticslab/ws_moveit/install/moveit_planners_ompl:/home/roboticslab/ws_moveit/install/moveit_kinematics:/home/roboticslab/ws_moveit/install/moveit_ros_planning:/home/roboticslab/ws_moveit/install/moveit_ros_occupancy_map_monitor:/home/roboticslab/ws_moveit/install/moveit_resources_prbt_support:/home/roboticslab/ws_moveit/install/moveit_resources_prbt_ikfast_manipulator_plugin:/home/roboticslab/ws_moveit/install/moveit_resources:/home/roboticslab/ws_moveit/install/moveit_resources_pr2_description:/home/roboticslab/ws_moveit/install/moveit_resources_panda_moveit_config:/home/roboticslab/ws_moveit/install/dual_arm_panda_moveit_config:/home/roboticslab/ws_moveit/install/moveit_resources_panda_description:/home/roboticslab/ws_moveit/install/moveit_resources_fanuc_moveit_config:/home/roboticslab/ws_moveit/install/moveit_resources_fanuc_description:/home/roboticslab/ws_moveit/install/moveit_planners_stomp:/home/roboticslab/ws_moveit/install/moveit_planners_chomp:/home/roboticslab/ws_moveit/install/chomp_motion_planner:/home/roboticslab/ws_moveit/install/moveit_core:/home/roboticslab/ws_moveit/install/moveit_msgs:/home/roboticslab/ws_moveit/install/moveit_configs_utils:/home/roboticslab/ws_moveit/install/moveit_common:/home/roboticslab/ws_moveit/install/kortex_driver:/home/roboticslab/ws_moveit/install/kortex_api:/opt/ros/kilted CMAKE_PREFIX_PATH=/home/roboticslab/ros2_ws/install/yolo_msgs:/home/roboticslab/ros2_ws/install/yolo_bringup:/home/roboticslab/ws_moveit/install/robotiq_hardware_tests:/home/roboticslab/ws_moveit/install/robotiq_driver:/home/roboticslab/ws_moveit/install/serial:/home/roboticslab/ws_moveit/install/moveit2_tutorials:/home/roboticslab/ws_moveit/install/moveit_visual_tools:/home/roboticslab/ws_moveit/install/rviz_visual_tools:/home/roboticslab/ws_moveit/install/moveit_task_constructor_demo:/home/roboticslab/ws_moveit/install/moveit_task_constructor_visualization:/home/roboticslab/ws_moveit/install/moveit_task_constructor_capabilities:/home/roboticslab/ws_moveit/install/moveit_task_constructor_core:/home/roboticslab/ws_moveit/install/rviz_marker_tools:/home/roboticslab/ws_moveit/install/kortex_bringup:/home/roboticslab/ws_moveit/install/kinova_gen3_lite_moveit_config:/home/roboticslab/ws_moveit/install/kinova_gen3_7dof_robotiq_2f_85_moveit_config:/home/roboticslab/ws_moveit/install/kinova_gen3_6dof_robotiq_2f_85_moveit_config:/home/roboticslab/ws_moveit/install/kortex_description:/home/roboticslab/ws_moveit/install/robotiq_description:/home/roboticslab/ws_moveit/install/robotiq_controllers:/home/roboticslab/ws_moveit/install/pilz_industrial_motion_planner_testutils:/home/roboticslab/ws_moveit/install/moveit_runtime:/home/roboticslab/ws_moveit/install/moveit:/home/roboticslab/ws_moveit/install/moveit_planners:/home/roboticslab/ws_moveit/install/pilz_industrial_motion_planner:/home/roboticslab/ws_moveit/install/moveit_task_constructor_msgs:/home/roboticslab/ws_moveit/install/moveit_ros_control_interface:/home/roboticslab/ws_moveit/install/moveit_plugins:/home/roboticslab/ws_moveit/install/moveit_simple_controller_manager:/home/roboticslab/ws_moveit/install/moveit_setup_assistant:/home/roboticslab/ws_moveit/install/moveit_setup_srdf_plugins:/home/roboticslab/ws_moveit/install/moveit_setup_core_plugins:/home/roboticslab/ws_moveit/install/moveit_setup_controllers:/home/roboticslab/ws_moveit/install/moveit_setup_app_plugins:/home/roboticslab/ws_moveit/install/moveit_setup_framework:/home/roboticslab/ws_moveit/install/moveit_servo:/home/roboticslab/ws_moveit/install/moveit_ros_trajectory_cache:/home/roboticslab/ws_moveit/install/moveit_ros:/home/roboticslab/ws_moveit/install/moveit_ros_visualization:/home/roboticslab/ws_moveit/install/moveit_py:/home/roboticslab/ws_moveit/install/moveit_hybrid_planning:/home/roboticslab/ws_moveit/install/moveit_ros_planning_interface:/home/roboticslab/ws_moveit/install/moveit_ros_benchmarks:/home/roboticslab/ws_moveit/install/moveit_ros_warehouse:/home/roboticslab/ws_moveit/install/moveit_ros_robot_interaction:/home/roboticslab/ws_moveit/install/moveit_ros_perception:/home/roboticslab/ws_moveit/install/moveit_resources_prbt_pg70_support:/home/roboticslab/ws_moveit/install/moveit_resources_prbt_moveit_config:/home/roboticslab/ws_moveit/install/moveit_ros_move_group:/home/roboticslab/ws_moveit/install/moveit_planners_ompl:/home/roboticslab/ws_moveit/install/moveit_kinematics:/home/roboticslab/ws_moveit/install/moveit_ros_planning:/home/roboticslab/ws_moveit/install/moveit_ros_occupancy_map_monitor:/home/roboticslab/ws_moveit/install/moveit_resources_prbt_support:/home/roboticslab/ws_moveit/install/moveit_resources_prbt_ikfast_manipulator_plugin:/home/roboticslab/ws_moveit/install/moveit_resources:/home/roboticslab/ws_moveit/install/moveit_resources_pr2_description:/home/roboticslab/ws_moveit/install/moveit_resources_panda_moveit_config:/home/roboticslab/ws_moveit/install/dual_arm_panda_moveit_config:/home/roboticslab/ws_moveit/install/moveit_resources_panda_description:/home/roboticslab/ws_moveit/install/moveit_resources_fanuc_moveit_config:/home/roboticslab/ws_moveit/install/moveit_resources_fanuc_description:/home/roboticslab/ws_moveit/install/moveit_planners_stomp:/home/roboticslab/ws_moveit/install/moveit_planners_chomp:/home/roboticslab/ws_moveit/install/chomp_motion_planner:/home/roboticslab/ws_moveit/install/moveit_core:/home/roboticslab/ws_moveit/install/moveit_msgs:/home/roboticslab/ws_moveit/install/moveit_common:/home/roboticslab/ws_moveit/install/kortex_driver:/home/roboticslab/ws_moveit/install/kortex_api:/opt/ros/kilted/opt/gz_sim_vendor:/opt/ros/kilted/opt/gz_sensors_vendor:/opt/ros/kilted/opt/gz_physics_vendor:/opt/ros/kilted/opt/sdformat_vendor:/opt/ros/kilted/opt/gz_gui_vendor:/opt/ros/kilted/opt/gz_transport_vendor:/opt/ros/kilted/opt/gz_rendering_vendor:/opt/ros/kilted/opt/gz_plugin_vendor:/opt/ros/kilted/opt/gz_fuel_tools_vendor:/opt/ros/kilted/opt/gz_msgs_vendor:/opt/ros/kilted/opt/gz_common_vendor:/opt/ros/kilted/opt/gz_math_vendor:/opt/ros/kilted/opt/gz_utils_vendor:/opt/ros/kilted/opt/gz_tools_vendor:/opt/ros/kilted/opt/gz_ogre_next_vendor:/opt/ros/kilted/opt/gz_dartsim_vendor:/opt/ros/kilted/opt/gz_cmake_vendor:/home/roboticslab/ros2_ws/install/yolo_ros:/home/roboticslab/ros2_ws/install/so101_gripper_control:/home/roboticslab/ws_moveit/install/moveit_configs_utils:/opt/ros/kilted DEBUGINFOD_URLS=https://debuginfod.ubuntu.com /usr/bin/cmake --build /home/roboticslab/ros2_ws/build/yolo_bringup -- -j4 -l4
[3.802s] DEBUG:colcon.colcon_core.event_handler.log_command:Invoking command in '/home/roboticslab/ros2_ws/build/yolo_bringup': AMENT_PREFIX_PATH=/home/roboticslab/ros2_ws/install/yolo_ros:/home/roboticslab/ros2_ws/install/yolo_bringup:/home/roboticslab/ros2_ws/install/yolo_msgs:/home/roboticslab/ros2_ws/install/so101_gripper_control:/home/roboticslab/ws_moveit/install/robotiq_hardware_tests:/home/roboticslab/ws_moveit/install/robotiq_driver:/home/roboticslab/ws_moveit/install/serial:/home/roboticslab/ws_moveit/install/moveit2_tutorials:/home/roboticslab/ws_moveit/install/moveit_visual_tools:/home/roboticslab/ws_moveit/install/rviz_visual_tools:/home/roboticslab/ws_moveit/install/moveit_task_constructor_demo:/home/roboticslab/ws_moveit/install/moveit_task_constructor_visualization:/home/roboticslab/ws_moveit/install/moveit_task_constructor_capabilities:/home/roboticslab/ws_moveit/install/moveit_task_constructor_core:/home/roboticslab/ws_moveit/install/rviz_marker_tools:/home/roboticslab/ws_moveit/install/kortex_bringup:/home/roboticslab/ws_moveit/install/kinova_gen3_lite_moveit_config:/home/roboticslab/ws_moveit/install/kinova_gen3_7dof_robotiq_2f_85_moveit_config:/home/roboticslab/ws_moveit/install/kinova_gen3_6dof_robotiq_2f_85_moveit_config:/home/roboticslab/ws_moveit/install/kortex_description:/home/roboticslab/ws_moveit/install/robotiq_description:/home/roboticslab/ws_moveit/install/robotiq_controllers:/home/roboticslab/ws_moveit/install/pilz_industrial_motion_planner_testutils:/home/roboticslab/ws_moveit/install/moveit_runtime:/home/roboticslab/ws_moveit/install/moveit:/home/roboticslab/ws_moveit/install/moveit_planners:/home/roboticslab/ws_moveit/install/pilz_industrial_motion_planner:/home/roboticslab/ws_moveit/install/moveit_task_constructor_msgs:/home/roboticslab/ws_moveit/install/moveit_ros_control_interface:/home/roboticslab/ws_moveit/install/moveit_plugins:/home/roboticslab/ws_moveit/install/moveit_simple_controller_manager:/home/roboticslab/ws_moveit/install/moveit_setup_assistant:/home/roboticslab/ws_moveit/install/moveit_setup_srdf_plugins:/home/roboticslab/ws_moveit/install/moveit_setup_core_plugins:/home/roboticslab/ws_moveit/install/moveit_setup_controllers:/home/roboticslab/ws_moveit/install/moveit_setup_app_plugins:/home/roboticslab/ws_moveit/install/moveit_setup_framework:/home/roboticslab/ws_moveit/install/moveit_servo:/home/roboticslab/ws_moveit/install/moveit_ros_trajectory_cache:/home/roboticslab/ws_moveit/install/moveit_ros:/home/roboticslab/ws_moveit/install/moveit_ros_visualization:/home/roboticslab/ws_moveit/install/moveit_py:/home/roboticslab/ws_moveit/install/moveit_hybrid_planning:/home/roboticslab/ws_moveit/install/moveit_ros_planning_interface:/home/roboticslab/ws_moveit/install/moveit_ros_benchmarks:/home/roboticslab/ws_moveit/install/moveit_ros_warehouse:/home/roboticslab/ws_moveit/install/moveit_ros_robot_interaction:/home/roboticslab/ws_moveit/install/moveit_ros_perception:/home/roboticslab/ws_moveit/install/moveit_resources_prbt_pg70_support:/home/roboticslab/ws_moveit/install/moveit_resources_prbt_moveit_config:/home/roboticslab/ws_moveit/install/moveit_ros_move_group:/home/roboticslab/ws_moveit/install/moveit_planners_ompl:/home/roboticslab/ws_moveit/install/moveit_kinematics:/home/roboticslab/ws_moveit/install/moveit_ros_planning:/home/roboticslab/ws_moveit/install/moveit_ros_occupancy_map_monitor:/home/roboticslab/ws_moveit/install/moveit_resources_prbt_support:/home/roboticslab/ws_moveit/install/moveit_resources_prbt_ikfast_manipulator_plugin:/home/roboticslab/ws_moveit/install/moveit_resources:/home/roboticslab/ws_moveit/install/moveit_resources_pr2_description:/home/roboticslab/ws_moveit/install/moveit_resources_panda_moveit_config:/home/roboticslab/ws_moveit/install/dual_arm_panda_moveit_config:/home/roboticslab/ws_moveit/install/moveit_resources_panda_description:/home/roboticslab/ws_moveit/install/moveit_resources_fanuc_moveit_config:/home/roboticslab/ws_moveit/install/moveit_resources_fanuc_description:/home/roboticslab/ws_moveit/install/moveit_planners_stomp:/home/roboticslab/ws_moveit/install/moveit_planners_chomp:/home/roboticslab/ws_moveit/install/chomp_motion_planner:/home/roboticslab/ws_moveit/install/moveit_core:/home/roboticslab/ws_moveit/install/moveit_msgs:/home/roboticslab/ws_moveit/install/moveit_configs_utils:/home/roboticslab/ws_moveit/install/moveit_common:/home/roboticslab/ws_moveit/install/kortex_driver:/home/roboticslab/ws_moveit/install/kortex_api:/opt/ros/kilted CMAKE_PREFIX_PATH=/home/roboticslab/ros2_ws/install/yolo_msgs:/home/roboticslab/ros2_ws/install/yolo_bringup:/home/roboticslab/ws_moveit/install/robotiq_hardware_tests:/home/roboticslab/ws_moveit/install/robotiq_driver:/home/roboticslab/ws_moveit/install/serial:/home/roboticslab/ws_moveit/install/moveit2_tutorials:/home/roboticslab/ws_moveit/install/moveit_visual_tools:/home/roboticslab/ws_moveit/install/rviz_visual_tools:/home/roboticslab/ws_moveit/install/moveit_task_constructor_demo:/home/roboticslab/ws_moveit/install/moveit_task_constructor_visualization:/home/roboticslab/ws_moveit/install/moveit_task_constructor_capabilities:/home/roboticslab/ws_moveit/install/moveit_task_constructor_core:/home/roboticslab/ws_moveit/install/rviz_marker_tools:/home/roboticslab/ws_moveit/install/kortex_bringup:/home/roboticslab/ws_moveit/install/kinova_gen3_lite_moveit_config:/home/roboticslab/ws_moveit/install/kinova_gen3_7dof_robotiq_2f_85_moveit_config:/home/roboticslab/ws_moveit/install/kinova_gen3_6dof_robotiq_2f_85_moveit_config:/home/roboticslab/ws_moveit/install/kortex_description:/home/roboticslab/ws_moveit/install/robotiq_description:/home/roboticslab/ws_moveit/install/robotiq_controllers:/home/roboticslab/ws_moveit/install/pilz_industrial_motion_planner_testutils:/home/roboticslab/ws_moveit/install/moveit_runtime:/home/roboticslab/ws_moveit/install/moveit:/home/roboticslab/ws_moveit/install/moveit_planners:/home/roboticslab/ws_moveit/install/pilz_industrial_motion_planner:/home/roboticslab/ws_moveit/install/moveit_task_constructor_msgs:/home/roboticslab/ws_moveit/install/moveit_ros_control_interface:/home/roboticslab/ws_moveit/install/moveit_plugins:/home/roboticslab/ws_moveit/install/moveit_simple_controller_manager:/home/roboticslab/ws_moveit/install/moveit_setup_assistant:/home/roboticslab/ws_moveit/install/moveit_setup_srdf_plugins:/home/roboticslab/ws_moveit/install/moveit_setup_core_plugins:/home/roboticslab/ws_moveit/install/moveit_setup_controllers:/home/roboticslab/ws_moveit/install/moveit_setup_app_plugins:/home/roboticslab/ws_moveit/install/moveit_setup_framework:/home/roboticslab/ws_moveit/install/moveit_servo:/home/roboticslab/ws_moveit/install/moveit_ros_trajectory_cache:/home/roboticslab/ws_moveit/install/moveit_ros:/home/roboticslab/ws_moveit/install/moveit_ros_visualization:/home/roboticslab/ws_moveit/install/moveit_py:/home/roboticslab/ws_moveit/install/moveit_hybrid_planning:/home/roboticslab/ws_moveit/install/moveit_ros_planning_interface:/home/roboticslab/ws_moveit/install/moveit_ros_benchmarks:/home/roboticslab/ws_moveit/install/moveit_ros_warehouse:/home/roboticslab/ws_moveit/install/moveit_ros_robot_interaction:/home/roboticslab/ws_moveit/install/moveit_ros_perception:/home/roboticslab/ws_moveit/install/moveit_resources_prbt_pg70_support:/home/roboticslab/ws_moveit/install/moveit_resources_prbt_moveit_config:/home/roboticslab/ws_moveit/install/moveit_ros_move_group:/home/roboticslab/ws_moveit/install/moveit_planners_ompl:/home/roboticslab/ws_moveit/install/moveit_kinematics:/home/roboticslab/ws_moveit/install/moveit_ros_planning:/home/roboticslab/ws_moveit/install/moveit_ros_occupancy_map_monitor:/home/roboticslab/ws_moveit/install/moveit_resources_prbt_support:/home/roboticslab/ws_moveit/install/moveit_resources_prbt_ikfast_manipulator_plugin:/home/roboticslab/ws_moveit/install/moveit_resources:/home/roboticslab/ws_moveit/install/moveit_resources_pr2_description:/home/roboticslab/ws_moveit/install/moveit_resources_panda_moveit_config:/home/roboticslab/ws_moveit/install/dual_arm_panda_moveit_config:/home/roboticslab/ws_moveit/install/moveit_resources_panda_description:/home/roboticslab/ws_moveit/install/moveit_resources_fanuc_moveit_config:/home/roboticslab/ws_moveit/install/moveit_resources_fanuc_description:/home/roboticslab/ws_moveit/install/moveit_planners_stomp:/home/roboticslab/ws_moveit/install/moveit_planners_chomp:/home/roboticslab/ws_moveit/install/chomp_motion_planner:/home/roboticslab/ws_moveit/install/moveit_core:/home/roboticslab/ws_moveit/install/moveit_msgs:/home/roboticslab/ws_moveit/install/moveit_common:/home/roboticslab/ws_moveit/install/kortex_driver:/home/roboticslab/ws_moveit/install/kortex_api:/opt/ros/kilted/opt/gz_sim_vendor:/opt/ros/kilted/opt/gz_sensors_vendor:/opt/ros/kilted/opt/gz_physics_vendor:/opt/ros/kilted/opt/sdformat_vendor:/opt/ros/kilted/opt/gz_gui_vendor:/opt/ros/kilted/opt/gz_transport_vendor:/opt/ros/kilted/opt/gz_rendering_vendor:/opt/ros/kilted/opt/gz_plugin_vendor:/opt/ros/kilted/opt/gz_fuel_tools_vendor:/opt/ros/kilted/opt/gz_msgs_vendor:/opt/ros/kilted/opt/gz_common_vendor:/opt/ros/kilted/opt/gz_math_vendor:/opt/ros/kilted/opt/gz_utils_vendor:/opt/ros/kilted/opt/gz_tools_vendor:/opt/ros/kilted/opt/gz_ogre_next_vendor:/opt/ros/kilted/opt/gz_dartsim_vendor:/opt/ros/kilted/opt/gz_cmake_vendor:/home/roboticslab/ros2_ws/install/yolo_ros:/home/roboticslab/ros2_ws/install/so101_gripper_control:/home/roboticslab/ws_moveit/install/moveit_configs_utils:/opt/ros/kilted DEBUGINFOD_URLS=https://debuginfod.ubuntu.com /usr/bin/cmake --install /home/roboticslab/ros2_ws/build/yolo_bringup
[3.835s] Level 1:colcon.colcon_core.environment:create_environment_scripts_only(yolo_bringup)
[3.836s] Level 1:colcon.colcon_core.environment:checking '/home/roboticslab/ros2_ws/install/yolo_bringup' for CMake module files
[3.836s] DEBUG:colcon.colcon_core.event_handler.log_command:Invoked command in '/home/roboticslab/ros2_ws/build/yolo_bringup' returned '0': AMENT_PREFIX_PATH=/home/roboticslab/ros2_ws/install/yolo_ros:/home/roboticslab/ros2_ws/install/yolo_bringup:/home/roboticslab/ros2_ws/install/yolo_msgs:/home/roboticslab/ros2_ws/install/so101_gripper_control:/home/roboticslab/ws_moveit/install/robotiq_hardware_tests:/home/roboticslab/ws_moveit/install/robotiq_driver:/home/roboticslab/ws_moveit/install/serial:/home/roboticslab/ws_moveit/install/moveit2_tutorials:/home/roboticslab/ws_moveit/install/moveit_visual_tools:/home/roboticslab/ws_moveit/install/rviz_visual_tools:/home/roboticslab/ws_moveit/install/moveit_task_constructor_demo:/home/roboticslab/ws_moveit/install/moveit_task_constructor_visualization:/home/roboticslab/ws_moveit/install/moveit_task_constructor_capabilities:/home/roboticslab/ws_moveit/install/moveit_task_constructor_core:/home/roboticslab/ws_moveit/install/rviz_marker_tools:/home/roboticslab/ws_moveit/install/kortex_bringup:/home/roboticslab/ws_moveit/install/kinova_gen3_lite_moveit_config:/home/roboticslab/ws_moveit/install/kinova_gen3_7dof_robotiq_2f_85_moveit_config:/home/roboticslab/ws_moveit/install/kinova_gen3_6dof_robotiq_2f_85_moveit_config:/home/roboticslab/ws_moveit/install/kortex_description:/home/roboticslab/ws_moveit/install/robotiq_description:/home/roboticslab/ws_moveit/install/robotiq_controllers:/home/roboticslab/ws_moveit/install/pilz_industrial_motion_planner_testutils:/home/roboticslab/ws_moveit/install/moveit_runtime:/home/roboticslab/ws_moveit/install/moveit:/home/roboticslab/ws_moveit/install/moveit_planners:/home/roboticslab/ws_moveit/install/pilz_industrial_motion_planner:/home/roboticslab/ws_moveit/install/moveit_task_constructor_msgs:/home/roboticslab/ws_moveit/install/moveit_ros_control_interface:/home/roboticslab/ws_moveit/install/moveit_plugins:/home/roboticslab/ws_moveit/install/moveit_simple_controller_manager:/home/roboticslab/ws_moveit/install/moveit_setup_assistant:/home/roboticslab/ws_moveit/install/moveit_setup_srdf_plugins:/home/roboticslab/ws_moveit/install/moveit_setup_core_plugins:/home/roboticslab/ws_moveit/install/moveit_setup_controllers:/home/roboticslab/ws_moveit/install/moveit_setup_app_plugins:/home/roboticslab/ws_moveit/install/moveit_setup_framework:/home/roboticslab/ws_moveit/install/moveit_servo:/home/roboticslab/ws_moveit/install/moveit_ros_trajectory_cache:/home/roboticslab/ws_moveit/install/moveit_ros:/home/roboticslab/ws_moveit/install/moveit_ros_visualization:/home/roboticslab/ws_moveit/install/moveit_py:/home/roboticslab/ws_moveit/install/moveit_hybrid_planning:/home/roboticslab/ws_moveit/install/moveit_ros_planning_interface:/home/roboticslab/ws_moveit/install/moveit_ros_benchmarks:/home/roboticslab/ws_moveit/install/moveit_ros_warehouse:/home/roboticslab/ws_moveit/install/moveit_ros_robot_interaction:/home/roboticslab/ws_moveit/install/moveit_ros_perception:/home/roboticslab/ws_moveit/install/moveit_resources_prbt_pg70_support:/home/roboticslab/ws_moveit/install/moveit_resources_prbt_moveit_config:/home/roboticslab/ws_moveit/install/moveit_ros_move_group:/home/roboticslab/ws_moveit/install/moveit_planners_ompl:/home/roboticslab/ws_moveit/install/moveit_kinematics:/home/roboticslab/ws_moveit/install/moveit_ros_planning:/home/roboticslab/ws_moveit/install/moveit_ros_occupancy_map_monitor:/home/roboticslab/ws_moveit/install/moveit_resources_prbt_support:/home/roboticslab/ws_moveit/install/moveit_resources_prbt_ikfast_manipulator_plugin:/home/roboticslab/ws_moveit/install/moveit_resources:/home/roboticslab/ws_moveit/install/moveit_resources_pr2_description:/home/roboticslab/ws_moveit/install/moveit_resources_panda_moveit_config:/home/roboticslab/ws_moveit/install/dual_arm_panda_moveit_config:/home/roboticslab/ws_moveit/install/moveit_resources_panda_description:/home/roboticslab/ws_moveit/install/moveit_resources_fanuc_moveit_config:/home/roboticslab/ws_moveit/install/moveit_resources_fanuc_description:/home/roboticslab/ws_moveit/install/moveit_planners_stomp:/home/roboticslab/ws_moveit/install/moveit_planners_chomp:/home/roboticslab/ws_moveit/install/chomp_motion_planner:/home/roboticslab/ws_moveit/install/moveit_core:/home/roboticslab/ws_moveit/install/moveit_msgs:/home/roboticslab/ws_moveit/install/moveit_configs_utils:/home/roboticslab/ws_moveit/install/moveit_common:/home/roboticslab/ws_moveit/install/kortex_driver:/home/roboticslab/ws_moveit/install/kortex_api:/opt/ros/kilted CMAKE_PREFIX_PATH=/home/roboticslab/ros2_ws/install/yolo_msgs:/home/roboticslab/ros2_ws/install/yolo_bringup:/home/roboticslab/ws_moveit/install/robotiq_hardware_tests:/home/roboticslab/ws_moveit/install/robotiq_driver:/home/roboticslab/ws_moveit/install/serial:/home/roboticslab/ws_moveit/install/moveit2_tutorials:/home/roboticslab/ws_moveit/install/moveit_visual_tools:/home/roboticslab/ws_moveit/install/rviz_visual_tools:/home/roboticslab/ws_moveit/install/moveit_task_constructor_demo:/home/roboticslab/ws_moveit/install/moveit_task_constructor_visualization:/home/roboticslab/ws_moveit/install/moveit_task_constructor_capabilities:/home/roboticslab/ws_moveit/install/moveit_task_constructor_core:/home/roboticslab/ws_moveit/install/rviz_marker_tools:/home/roboticslab/ws_moveit/install/kortex_bringup:/home/roboticslab/ws_moveit/install/kinova_gen3_lite_moveit_config:/home/roboticslab/ws_moveit/install/kinova_gen3_7dof_robotiq_2f_85_moveit_config:/home/roboticslab/ws_moveit/install/kinova_gen3_6dof_robotiq_2f_85_moveit_config:/home/roboticslab/ws_moveit/install/kortex_description:/home/roboticslab/ws_moveit/install/robotiq_description:/home/roboticslab/ws_moveit/install/robotiq_controllers:/home/roboticslab/ws_moveit/install/pilz_industrial_motion_planner_testutils:/home/roboticslab/ws_moveit/install/moveit_runtime:/home/roboticslab/ws_moveit/install/moveit:/home/roboticslab/ws_moveit/install/moveit_planners:/home/roboticslab/ws_moveit/install/pilz_industrial_motion_planner:/home/roboticslab/ws_moveit/install/moveit_task_constructor_msgs:/home/roboticslab/ws_moveit/install/moveit_ros_control_interface:/home/roboticslab/ws_moveit/install/moveit_plugins:/home/roboticslab/ws_moveit/install/moveit_simple_controller_manager:/home/roboticslab/ws_moveit/install/moveit_setup_assistant:/home/roboticslab/ws_moveit/install/moveit_setup_srdf_plugins:/home/roboticslab/ws_moveit/install/moveit_setup_core_plugins:/home/roboticslab/ws_moveit/install/moveit_setup_controllers:/home/roboticslab/ws_moveit/install/moveit_setup_app_plugins:/home/roboticslab/ws_moveit/install/moveit_setup_framework:/home/roboticslab/ws_moveit/install/moveit_servo:/home/roboticslab/ws_moveit/install/moveit_ros_trajectory_cache:/home/roboticslab/ws_moveit/install/moveit_ros:/home/roboticslab/ws_moveit/install/moveit_ros_visualization:/home/roboticslab/ws_moveit/install/moveit_py:/home/roboticslab/ws_moveit/install/moveit_hybrid_planning:/home/roboticslab/ws_moveit/install/moveit_ros_planning_interface:/home/roboticslab/ws_moveit/install/moveit_ros_benchmarks:/home/roboticslab/ws_moveit/install/moveit_ros_warehouse:/home/roboticslab/ws_moveit/install/moveit_ros_robot_interaction:/home/roboticslab/ws_moveit/install/moveit_ros_perception:/home/roboticslab/ws_moveit/install/moveit_resources_prbt_pg70_support:/home/roboticslab/ws_moveit/install/moveit_resources_prbt_moveit_config:/home/roboticslab/ws_moveit/install/moveit_ros_move_group:/home/roboticslab/ws_moveit/install/moveit_planners_ompl:/home/roboticslab/ws_moveit/install/moveit_kinematics:/home/roboticslab/ws_moveit/install/moveit_ros_planning:/home/roboticslab/ws_moveit/install/moveit_ros_occupancy_map_monitor:/home/roboticslab/ws_moveit/install/moveit_resources_prbt_support:/home/roboticslab/ws_moveit/install/moveit_resources_prbt_ikfast_manipulator_plugin:/home/roboticslab/ws_moveit/install/moveit_resources:/home/roboticslab/ws_moveit/install/moveit_resources_pr2_description:/home/roboticslab/ws_moveit/install/moveit_resources_panda_moveit_config:/home/roboticslab/ws_moveit/install/dual_arm_panda_moveit_config:/home/roboticslab/ws_moveit/install/moveit_resources_panda_description:/home/roboticslab/ws_moveit/install/moveit_resources_fanuc_moveit_config:/home/roboticslab/ws_moveit/install/moveit_resources_fanuc_description:/home/roboticslab/ws_moveit/install/moveit_planners_stomp:/home/roboticslab/ws_moveit/install/moveit_planners_chomp:/home/roboticslab/ws_moveit/install/chomp_motion_planner:/home/roboticslab/ws_moveit/install/moveit_core:/home/roboticslab/ws_moveit/install/moveit_msgs:/home/roboticslab/ws_moveit/install/moveit_common:/home/roboticslab/ws_moveit/install/kortex_driver:/home/roboticslab/ws_moveit/install/kortex_api:/opt/ros/kilted/opt/gz_sim_vendor:/opt/ros/kilted/opt/gz_sensors_vendor:/opt/ros/kilted/opt/gz_physics_vendor:/opt/ros/kilted/opt/sdformat_vendor:/opt/ros/kilted/opt/gz_gui_vendor:/opt/ros/kilted/opt/gz_transport_vendor:/opt/ros/kilted/opt/gz_rendering_vendor:/opt/ros/kilted/opt/gz_plugin_vendor:/opt/ros/kilted/opt/gz_fuel_tools_vendor:/opt/ros/kilted/opt/gz_msgs_vendor:/opt/ros/kilted/opt/gz_common_vendor:/opt/ros/kilted/opt/gz_math_vendor:/opt/ros/kilted/opt/gz_utils_vendor:/opt/ros/kilted/opt/gz_tools_vendor:/opt/ros/kilted/opt/gz_ogre_next_vendor:/opt/ros/kilted/opt/gz_dartsim_vendor:/opt/ros/kilted/opt/gz_cmake_vendor:/home/roboticslab/ros2_ws/install/yolo_ros:/home/roboticslab/ros2_ws/install/so101_gripper_control:/home/roboticslab/ws_moveit/install/moveit_configs_utils:/opt/ros/kilted DEBUGINFOD_URLS=https://debuginfod.ubuntu.com /usr/bin/cmake --install /home/roboticslab/ros2_ws/build/yolo_bringup
[3.836s] Level 1:colcon.colcon_core.environment:checking '/home/roboticslab/ros2_ws/install/yolo_bringup' for CMake config files
[3.837s] Level 1:colcon.colcon_core.shell:create_environment_hook('yolo_bringup', 'cmake_prefix_path')
[3.837s] INFO:colcon.colcon_core.shell:Creating environment hook '/home/roboticslab/ros2_ws/install/yolo_bringup/share/yolo_bringup/hook/cmake_prefix_path.ps1'
[3.838s] INFO:colcon.colcon_core.shell:Creating environment descriptor '/home/roboticslab/ros2_ws/install/yolo_bringup/share/yolo_bringup/hook/cmake_prefix_path.dsv'
[3.838s] INFO:colcon.colcon_core.shell:Creating environment hook '/home/roboticslab/ros2_ws/install/yolo_bringup/share/yolo_bringup/hook/cmake_prefix_path.sh'
[3.838s] Level 1:colcon.colcon_core.environment:checking '/home/roboticslab/ros2_ws/install/yolo_bringup/bin'
[3.839s] Level 1:colcon.colcon_core.environment:checking '/home/roboticslab/ros2_ws/install/yolo_bringup/lib/pkgconfig/yolo_bringup.pc'
[3.839s] Level 1:colcon.colcon_core.environment:checking '/home/roboticslab/ros2_ws/install/yolo_bringup/lib/python3.12/site-packages'
[3.839s] Level 1:colcon.colcon_core.environment:checking '/home/roboticslab/ros2_ws/install/yolo_bringup/bin'
[3.839s] INFO:colcon.colcon_core.shell:Creating package script '/home/roboticslab/ros2_ws/install/yolo_bringup/share/yolo_bringup/package.ps1'
[3.840s] INFO:colcon.colcon_core.shell:Creating package descriptor '/home/roboticslab/ros2_ws/install/yolo_bringup/share/yolo_bringup/package.dsv'
[3.840s] INFO:colcon.colcon_core.shell:Creating package script '/home/roboticslab/ros2_ws/install/yolo_bringup/share/yolo_bringup/package.sh'
[3.841s] INFO:colcon.colcon_core.shell:Creating package script '/home/roboticslab/ros2_ws/install/yolo_bringup/share/yolo_bringup/package.bash'
[3.841s] INFO:colcon.colcon_core.shell:Creating package script '/home/roboticslab/ros2_ws/install/yolo_bringup/share/yolo_bringup/package.zsh'
[3.841s] Level 1:colcon.colcon_core.environment:create_file_with_runtime_dependencies(/home/roboticslab/ros2_ws/install/yolo_bringup/share/colcon-core/packages/yolo_bringup)
[3.842s] Level 1:colcon.colcon_core.environment:create_environment_scripts_only(yolo_bringup)
[3.842s] Level 1:colcon.colcon_core.environment:checking '/home/roboticslab/ros2_ws/install/yolo_bringup' for CMake module files
[3.843s] Level 1:colcon.colcon_core.environment:checking '/home/roboticslab/ros2_ws/install/yolo_bringup' for CMake config files
[3.843s] Level 1:colcon.colcon_core.shell:create_environment_hook('yolo_bringup', 'cmake_prefix_path')
[3.843s] INFO:colcon.colcon_core.shell:Creating environment hook '/home/roboticslab/ros2_ws/install/yolo_bringup/share/yolo_bringup/hook/cmake_prefix_path.ps1'
[3.843s] INFO:colcon.colcon_core.shell:Creating environment descriptor '/home/roboticslab/ros2_ws/install/yolo_bringup/share/yolo_bringup/hook/cmake_prefix_path.dsv'
[3.844s] INFO:colcon.colcon_core.shell:Creating environment hook '/home/roboticslab/ros2_ws/install/yolo_bringup/share/yolo_bringup/hook/cmake_prefix_path.sh'
[3.844s] Level 1:colcon.colcon_core.environment:checking '/home/roboticslab/ros2_ws/install/yolo_bringup/bin'
[3.844s] Level 1:colcon.colcon_core.environment:checking '/home/roboticslab/ros2_ws/install/yolo_bringup/lib/pkgconfig/yolo_bringup.pc'
[3.845s] Level 1:colcon.colcon_core.environment:checking '/home/roboticslab/ros2_ws/install/yolo_bringup/lib/python3.12/site-packages'
[3.845s] Level 1:colcon.colcon_core.environment:checking '/home/roboticslab/ros2_ws/install/yolo_bringup/bin'
[3.845s] INFO:colcon.colcon_core.shell:Creating package script '/home/roboticslab/ros2_ws/install/yolo_bringup/share/yolo_bringup/package.ps1'
[3.846s] INFO:colcon.colcon_core.shell:Creating package descriptor '/home/roboticslab/ros2_ws/install/yolo_bringup/share/yolo_bringup/package.dsv'
[3.846s] INFO:colcon.colcon_core.shell:Creating package script '/home/roboticslab/ros2_ws/install/yolo_bringup/share/yolo_bringup/package.sh'
[3.846s] INFO:colcon.colcon_core.shell:Creating package script '/home/roboticslab/ros2_ws/install/yolo_bringup/share/yolo_bringup/package.bash'
[3.847s] INFO:colcon.colcon_core.shell:Creating package script '/home/roboticslab/ros2_ws/install/yolo_bringup/share/yolo_bringup/package.zsh'
[3.847s] Level 1:colcon.colcon_core.environment:create_file_with_runtime_dependencies(/home/roboticslab/ros2_ws/install/yolo_bringup/share/colcon-core/packages/yolo_bringup)
[3.847s] DEBUG:colcon.colcon_parallel_executor.executor.parallel:closing loop
[3.848s] DEBUG:colcon.colcon_parallel_executor.executor.parallel:loop closed
[3.848s] DEBUG:colcon.colcon_parallel_executor.executor.parallel:run_until_complete finished with '0'
[3.848s] DEBUG:colcon.colcon_core.event_reactor:joining thread
[3.855s] INFO:colcon.colcon_core.plugin_system:Skipping extension 'colcon_notification.desktop_notification.terminal_notifier': Not used on non-Darwin systems
[3.855s] INFO:colcon.colcon_core.plugin_system:Skipping extension 'colcon_notification.desktop_notification.win32': Not used on non-Windows systems
[3.855s] INFO:colcon.colcon_notification.desktop_notification:Sending desktop notification using 'notify2'
[3.883s] DEBUG:colcon.colcon_core.event_reactor:joined thread
[3.883s] INFO:colcon.colcon_core.shell:Creating prefix script '/home/roboticslab/ros2_ws/install/local_setup.ps1'
[3.884s] INFO:colcon.colcon_core.shell:Creating prefix util module '/home/roboticslab/ros2_ws/install/_local_setup_util_ps1.py'
[3.885s] INFO:colcon.colcon_core.shell:Creating prefix chain script '/home/roboticslab/ros2_ws/install/setup.ps1'
[3.889s] INFO:colcon.colcon_core.shell:Creating prefix script '/home/roboticslab/ros2_ws/install/local_setup.sh'
[3.890s] INFO:colcon.colcon_core.shell:Creating prefix util module '/home/roboticslab/ros2_ws/install/_local_setup_util_sh.py'
[3.891s] INFO:colcon.colcon_core.shell:Creating prefix chain script '/home/roboticslab/ros2_ws/install/setup.sh'
[3.894s] INFO:colcon.colcon_core.shell:Creating prefix script '/home/roboticslab/ros2_ws/install/local_setup.bash'
[3.895s] INFO:colcon.colcon_core.shell:Creating prefix chain script '/home/roboticslab/ros2_ws/install/setup.bash'
[3.898s] INFO:colcon.colcon_core.shell:Creating prefix script '/home/roboticslab/ros2_ws/install/local_setup.zsh'
[3.899s] INFO:colcon.colcon_core.shell:Creating prefix chain script '/home/roboticslab/ros2_ws/install/setup.zsh'
