[0.375s] DEBUG:colcon:Command line arguments: ['/usr/bin/colcon', 'build', '--symlink-install', '--packages-up-to', 'yolo_bringup']
[0.375s] DEBUG:colcon:Parsed command line arguments: Namespace(log_base=None, log_level=None, verb_name='build', build_base='build', install_base='install', merge_install=False, symlink_install=True, test_result_base=None, continue_on_error=False, executor='parallel', parallel_workers=4, event_handlers=None, ignore_user_meta=False, metas=['./colcon.meta'], base_paths=['.'], packages_ignore=None, packages_ignore_regex=None, paths=None, packages_up_to=['yolo_bringup'], packages_up_to_regex=None, packages_above=None, packages_above_and_dependencies=None, packages_above_depth=None, packages_select_by_dep=None, packages_skip_by_dep=None, packages_skip_up_to=None, packages_select_build_failed=False, packages_skip_build_finished=False, packages_select_test_failures=False, packages_skip_test_passed=False, packages_select=None, packages_skip=None, packages_select_regex=None, packages_skip_regex=None, packages_start=None, packages_end=None, allow_overriding=[], cmake_args=None, cmake_target=None, cmake_target_skip_unavailable=False, cmake_clean_cache=False, cmake_clean_first=False, cmake_force_configure=False, ament_cmake_args=None, catkin_cmake_args=None, catkin_skip_building_tests=False, mixin_files=None, mixin=None, verb_parser=<colcon_mixin.mixin.mixin_argument.MixinArgumentDecorator object at 0x776b776f4800>, verb_extension=<colcon_core.verb.build.BuildVerb object at 0x776b776f4770>, main=<bound method BuildVerb.main of <colcon_core.verb.build.BuildVerb object at 0x776b776f4770>>, mixin_verb=('build',))
[0.489s] Level 1:colcon.colcon_core.package_discovery:discover_packages(colcon_meta) check parameters
[0.489s] Level 1:colcon.colcon_core.package_discovery:discover_packages(recursive) check parameters
[0.490s] Level 1:colcon.colcon_core.package_discovery:discover_packages(ignore) check parameters
[0.490s] Level 1:colcon.colcon_core.package_discovery:discover_packages(path) check parameters
[0.490s] Level 1:colcon.colcon_core.package_discovery:discover_packages(colcon_meta) discover
[0.490s] Level 1:colcon.colcon_core.package_discovery:discover_packages(recursive) discover
[0.490s] INFO:colcon.colcon_core.package_discovery:Crawling recursively for packages in '/home/roboticslab/ros2_ws'
[0.490s] Level 1:colcon.colcon_core.package_identification:_identify(.) by extensions ['ignore', 'ignore_ament_install']
[0.490s] Level 1:colcon.colcon_core.package_identification:_identify(.) by extension 'ignore'
[0.490s] Level 1:colcon.colcon_core.package_identification:_identify(.) by extension 'ignore_ament_install'
[0.490s] Level 1:colcon.colcon_core.package_identification:_identify(.) by extensions ['colcon_pkg']
[0.490s] Level 1:colcon.colcon_core.package_identification:_identify(.) by extension 'colcon_pkg'
[0.490s] Level 1:colcon.colcon_core.package_identification:_identify(.) by extensions ['colcon_meta']
[0.490s] Level 1:colcon.colcon_core.package_identification:_identify(.) by extension 'colcon_meta'
[0.490s] Level 1:colcon.colcon_core.package_identification:_identify(.) by extensions ['ros']
[0.490s] Level 1:colcon.colcon_core.package_identification:_identify(.) by extension 'ros'
[0.519s] Level 1:colcon.colcon_core.package_identification:_identify(.) by extensions ['cmake', 'python']
[0.519s] Level 1:colcon.colcon_core.package_identification:_identify(.) by extension 'cmake'
[0.519s] Level 1:colcon.colcon_core.package_identification:_identify(.) by extension 'python'
[0.520s] Level 1:colcon.colcon_core.package_identification:_identify(.) by extensions ['python_setup_py']
[0.520s] Level 1:colcon.colcon_core.package_identification:_identify(.) by extension 'python_setup_py'
[0.520s] Level 1:colcon.colcon_core.package_identification:_identify(build) by extensions ['ignore', 'ignore_ament_install']
[0.520s] Level 1:colcon.colcon_core.package_identification:_identify(build) by extension 'ignore'
[0.520s] Level 1:colcon.colcon_core.package_identification:_identify(build) ignored
[0.520s] Level 1:colcon.colcon_core.package_identification:_identify(install) by extensions ['ignore', 'ignore_ament_install']
[0.520s] Level 1:colcon.colcon_core.package_identification:_identify(install) by extension 'ignore'
[0.520s] Level 1:colcon.colcon_core.package_identification:_identify(install) ignored
[0.520s] Level 1:colcon.colcon_core.package_identification:_identify(log) by extensions ['ignore', 'ignore_ament_install']
[0.520s] Level 1:colcon.colcon_core.package_identification:_identify(log) by extension 'ignore'
[0.520s] Level 1:colcon.colcon_core.package_identification:_identify(log) ignored
[0.520s] Level 1:colcon.colcon_core.package_identification:_identify(src) by extensions ['ignore', 'ignore_ament_install']
[0.521s] Level 1:colcon.colcon_core.package_identification:_identify(src) by extension 'ignore'
[0.521s] Level 1:colcon.colcon_core.package_identification:_identify(src) by extension 'ignore_ament_install'
[0.521s] Level 1:colcon.colcon_core.package_identification:_identify(src) by extensions ['colcon_pkg']
[0.521s] Level 1:colcon.colcon_core.package_identification:_identify(src) by extension 'colcon_pkg'
[0.521s] Level 1:colcon.colcon_core.package_identification:_identify(src) by extensions ['colcon_meta']
[0.521s] Level 1:colcon.colcon_core.package_identification:_identify(src) by extension 'colcon_meta'
[0.521s] Level 1:colcon.colcon_core.package_identification:_identify(src) by extensions ['ros']
[0.521s] Level 1:colcon.colcon_core.package_identification:_identify(src) by extension 'ros'
[0.521s] Level 1:colcon.colcon_core.package_identification:_identify(src) by extensions ['cmake', 'python']
[0.521s] Level 1:colcon.colcon_core.package_identification:_identify(src) by extension 'cmake'
[0.521s] Level 1:colcon.colcon_core.package_identification:_identify(src) by extension 'python'
[0.521s] Level 1:colcon.colcon_core.package_identification:_identify(src) by extensions ['python_setup_py']
[0.521s] Level 1:colcon.colcon_core.package_identification:_identify(src) by extension 'python_setup_py'
[0.521s] Level 1:colcon.colcon_core.package_identification:_identify(src/build) by extensions ['ignore', 'ignore_ament_install']
[0.521s] Level 1:colcon.colcon_core.package_identification:_identify(src/build) by extension 'ignore'
[0.521s] Level 1:colcon.colcon_core.package_identification:_identify(src/build) ignored
[0.521s] Level 1:colcon.colcon_core.package_identification:_identify(src/grocery_perception) by extensions ['ignore', 'ignore_ament_install']
[0.521s] Level 1:colcon.colcon_core.package_identification:_identify(src/grocery_perception) by extension 'ignore'
[0.522s] Level 1:colcon.colcon_core.package_identification:_identify(src/grocery_perception) by extension 'ignore_ament_install'
[0.522s] Level 1:colcon.colcon_core.package_identification:_identify(src/grocery_perception) by extensions ['colcon_pkg']
[0.522s] Level 1:colcon.colcon_core.package_identification:_identify(src/grocery_perception) by extension 'colcon_pkg'
[0.522s] Level 1:colcon.colcon_core.package_identification:_identify(src/grocery_perception) by extensions ['colcon_meta']
[0.522s] Level 1:colcon.colcon_core.package_identification:_identify(src/grocery_perception) by extension 'colcon_meta'
[0.522s] Level 1:colcon.colcon_core.package_identification:_identify(src/grocery_perception) by extensions ['ros']
[0.522s] Level 1:colcon.colcon_core.package_identification:_identify(src/grocery_perception) by extension 'ros'
[0.545s] DEBUG:colcon.colcon_core.package_identification:Package 'src/grocery_perception' with type 'ros.ament_python' and name 'grocery_perception'
[0.545s] Level 1:colcon.colcon_core.package_identification:_identify(src/grocery_robot_bringup) by extensions ['ignore', 'ignore_ament_install']
[0.545s] Level 1:colcon.colcon_core.package_identification:_identify(src/grocery_robot_bringup) by extension 'ignore'
[0.545s] Level 1:colcon.colcon_core.package_identification:_identify(src/grocery_robot_bringup) by extension 'ignore_ament_install'
[0.545s] Level 1:colcon.colcon_core.package_identification:_identify(src/grocery_robot_bringup) by extensions ['colcon_pkg']
[0.545s] Level 1:colcon.colcon_core.package_identification:_identify(src/grocery_robot_bringup) by extension 'colcon_pkg'
[0.545s] Level 1:colcon.colcon_core.package_identification:_identify(src/grocery_robot_bringup) by extensions ['colcon_meta']
[0.545s] Level 1:colcon.colcon_core.package_identification:_identify(src/grocery_robot_bringup) by extension 'colcon_meta'
[0.545s] Level 1:colcon.colcon_core.package_identification:_identify(src/grocery_robot_bringup) by extensions ['ros']
[0.546s] Level 1:colcon.colcon_core.package_identification:_identify(src/grocery_robot_bringup) by extension 'ros'
[0.552s] DEBUG:colcon.colcon_core.package_identification:Package 'src/grocery_robot_bringup' with type 'ros.ament_python' and name 'grocery_robot_bringup'
[0.552s] Level 1:colcon.colcon_core.package_identification:_identify(src/install) by extensions ['ignore', 'ignore_ament_install']
[0.552s] Level 1:colcon.colcon_core.package_identification:_identify(src/install) by extension 'ignore'
[0.552s] Level 1:colcon.colcon_core.package_identification:_identify(src/install) ignored
[0.552s] Level 1:colcon.colcon_core.package_identification:_identify(src/log) by extensions ['ignore', 'ignore_ament_install']
[0.552s] Level 1:colcon.colcon_core.package_identification:_identify(src/log) by extension 'ignore'
[0.552s] Level 1:colcon.colcon_core.package_identification:_identify(src/log) ignored
[0.553s] Level 1:colcon.colcon_core.package_identification:_identify(src/realsense-ros) by extensions ['ignore', 'ignore_ament_install']
[0.553s] Level 1:colcon.colcon_core.package_identification:_identify(src/realsense-ros) by extension 'ignore'
[0.553s] Level 1:colcon.colcon_core.package_identification:_identify(src/realsense-ros) by extension 'ignore_ament_install'
[0.553s] Level 1:colcon.colcon_core.package_identification:_identify(src/realsense-ros) by extensions ['colcon_pkg']
[0.553s] Level 1:colcon.colcon_core.package_identification:_identify(src/realsense-ros) by extension 'colcon_pkg'
[0.553s] Level 1:colcon.colcon_core.package_identification:_identify(src/realsense-ros) by extensions ['colcon_meta']
[0.553s] Level 1:colcon.colcon_core.package_identification:_identify(src/realsense-ros) by extension 'colcon_meta'
[0.553s] Level 1:colcon.colcon_core.package_identification:_identify(src/realsense-ros) by extensions ['ros']
[0.553s] Level 1:colcon.colcon_core.package_identification:_identify(src/realsense-ros) by extension 'ros'
[0.553s] Level 1:colcon.colcon_core.package_identification:_identify(src/realsense-ros) by extensions ['cmake', 'python']
[0.553s] Level 1:colcon.colcon_core.package_identification:_identify(src/realsense-ros) by extension 'cmake'
[0.553s] Level 1:colcon.colcon_core.package_identification:_identify(src/realsense-ros) by extension 'python'
[0.553s] Level 1:colcon.colcon_core.package_identification:_identify(src/realsense-ros) by extensions ['python_setup_py']
[0.553s] Level 1:colcon.colcon_core.package_identification:_identify(src/realsense-ros) by extension 'python_setup_py'
[0.553s] Level 1:colcon.colcon_core.package_identification:_identify(src/realsense-ros/realsense2_camera) by extensions ['ignore', 'ignore_ament_install']
[0.553s] Level 1:colcon.colcon_core.package_identification:_identify(src/realsense-ros/realsense2_camera) by extension 'ignore'
[0.553s] Level 1:colcon.colcon_core.package_identification:_identify(src/realsense-ros/realsense2_camera) by extension 'ignore_ament_install'
[0.554s] Level 1:colcon.colcon_core.package_identification:_identify(src/realsense-ros/realsense2_camera) by extensions ['colcon_pkg']
[0.554s] Level 1:colcon.colcon_core.package_identification:_identify(src/realsense-ros/realsense2_camera) by extension 'colcon_pkg'
[0.554s] Level 1:colcon.colcon_core.package_identification:_identify(src/realsense-ros/realsense2_camera) by extensions ['colcon_meta']
[0.554s] Level 1:colcon.colcon_core.package_identification:_identify(src/realsense-ros/realsense2_camera) by extension 'colcon_meta'
[0.554s] Level 1:colcon.colcon_core.package_identification:_identify(src/realsense-ros/realsense2_camera) by extensions ['ros']
[0.554s] Level 1:colcon.colcon_core.package_identification:_identify(src/realsense-ros/realsense2_camera) by extension 'ros'
[0.592s] DEBUG:colcon.colcon_core.package_identification:Package 'src/realsense-ros/realsense2_camera' with type 'ros.ament_cmake' and name 'realsense2_camera'
[0.593s] Level 1:colcon.colcon_core.package_identification:_identify(src/realsense-ros/realsense2_camera_msgs) by extensions ['ignore', 'ignore_ament_install']
[0.593s] Level 1:colcon.colcon_core.package_identification:_identify(src/realsense-ros/realsense2_camera_msgs) by extension 'ignore'
[0.593s] Level 1:colcon.colcon_core.package_identification:_identify(src/realsense-ros/realsense2_camera_msgs) by extension 'ignore_ament_install'
[0.593s] Level 1:colcon.colcon_core.package_identification:_identify(src/realsense-ros/realsense2_camera_msgs) by extensions ['colcon_pkg']
[0.593s] Level 1:colcon.colcon_core.package_identification:_identify(src/realsense-ros/realsense2_camera_msgs) by extension 'colcon_pkg'
[0.593s] Level 1:colcon.colcon_core.package_identification:_identify(src/realsense-ros/realsense2_camera_msgs) by extensions ['colcon_meta']
[0.593s] Level 1:colcon.colcon_core.package_identification:_identify(src/realsense-ros/realsense2_camera_msgs) by extension 'colcon_meta'
[0.593s] Level 1:colcon.colcon_core.package_identification:_identify(src/realsense-ros/realsense2_camera_msgs) by extensions ['ros']
[0.593s] Level 1:colcon.colcon_core.package_identification:_identify(src/realsense-ros/realsense2_camera_msgs) by extension 'ros'
[0.615s] DEBUG:colcon.colcon_core.package_identification:Package 'src/realsense-ros/realsense2_camera_msgs' with type 'ros.ament_cmake' and name 'realsense2_camera_msgs'
[0.615s] Level 1:colcon.colcon_core.package_identification:_identify(src/realsense-ros/realsense2_description) by extensions ['ignore', 'ignore_ament_install']
[0.615s] Level 1:colcon.colcon_core.package_identification:_identify(src/realsense-ros/realsense2_description) by extension 'ignore'
[0.616s] Level 1:colcon.colcon_core.package_identification:_identify(src/realsense-ros/realsense2_description) by extension 'ignore_ament_install'
[0.616s] Level 1:colcon.colcon_core.package_identification:_identify(src/realsense-ros/realsense2_description) by extensions ['colcon_pkg']
[0.616s] Level 1:colcon.colcon_core.package_identification:_identify(src/realsense-ros/realsense2_description) by extension 'colcon_pkg'
[0.616s] Level 1:colcon.colcon_core.package_identification:_identify(src/realsense-ros/realsense2_description) by extensions ['colcon_meta']
[0.616s] Level 1:colcon.colcon_core.package_identification:_identify(src/realsense-ros/realsense2_description) by extension 'colcon_meta'
[0.616s] Level 1:colcon.colcon_core.package_identification:_identify(src/realsense-ros/realsense2_description) by extensions ['ros']
[0.616s] Level 1:colcon.colcon_core.package_identification:_identify(src/realsense-ros/realsense2_description) by extension 'ros'
[0.622s] DEBUG:colcon.colcon_core.package_identification:Package 'src/realsense-ros/realsense2_description' with type 'ros.ament_cmake' and name 'realsense2_description'
[0.623s] Level 1:colcon.colcon_core.package_identification:_identify(src/realsense-ros/realsense2_rgbd_plugin) by extensions ['ignore', 'ignore_ament_install']
[0.623s] Level 1:colcon.colcon_core.package_identification:_identify(src/realsense-ros/realsense2_rgbd_plugin) by extension 'ignore'
[0.623s] Level 1:colcon.colcon_core.package_identification:_identify(src/realsense-ros/realsense2_rgbd_plugin) by extension 'ignore_ament_install'
[0.623s] Level 1:colcon.colcon_core.package_identification:_identify(src/realsense-ros/realsense2_rgbd_plugin) by extensions ['colcon_pkg']
[0.623s] Level 1:colcon.colcon_core.package_identification:_identify(src/realsense-ros/realsense2_rgbd_plugin) by extension 'colcon_pkg'
[0.623s] Level 1:colcon.colcon_core.package_identification:_identify(src/realsense-ros/realsense2_rgbd_plugin) by extensions ['colcon_meta']
[0.623s] Level 1:colcon.colcon_core.package_identification:_identify(src/realsense-ros/realsense2_rgbd_plugin) by extension 'colcon_meta'
[0.623s] Level 1:colcon.colcon_core.package_identification:_identify(src/realsense-ros/realsense2_rgbd_plugin) by extensions ['ros']
[0.623s] Level 1:colcon.colcon_core.package_identification:_identify(src/realsense-ros/realsense2_rgbd_plugin) by extension 'ros'
[0.625s] DEBUG:colcon.colcon_core.package_identification:Package 'src/realsense-ros/realsense2_rgbd_plugin' with type 'ros.ament_cmake' and name 'realsense2_rviz_plugin'
[0.625s] Level 1:colcon.colcon_core.package_identification:_identify(src/realsense-ros/realsense2_ros_mqtt_bridge) by extensions ['ignore', 'ignore_ament_install']
[0.625s] Level 1:colcon.colcon_core.package_identification:_identify(src/realsense-ros/realsense2_ros_mqtt_bridge) by extension 'ignore'
[0.626s] Level 1:colcon.colcon_core.package_identification:_identify(src/realsense-ros/realsense2_ros_mqtt_bridge) by extension 'ignore_ament_install'
[0.626s] Level 1:colcon.colcon_core.package_identification:_identify(src/realsense-ros/realsense2_ros_mqtt_bridge) by extensions ['colcon_pkg']
[0.626s] Level 1:colcon.colcon_core.package_identification:_identify(src/realsense-ros/realsense2_ros_mqtt_bridge) by extension 'colcon_pkg'
[0.626s] Level 1:colcon.colcon_core.package_identification:_identify(src/realsense-ros/realsense2_ros_mqtt_bridge) by extensions ['colcon_meta']
[0.626s] Level 1:colcon.colcon_core.package_identification:_identify(src/realsense-ros/realsense2_ros_mqtt_bridge) by extension 'colcon_meta'
[0.626s] Level 1:colcon.colcon_core.package_identification:_identify(src/realsense-ros/realsense2_ros_mqtt_bridge) by extensions ['ros']
[0.626s] Level 1:colcon.colcon_core.package_identification:_identify(src/realsense-ros/realsense2_ros_mqtt_bridge) by extension 'ros'
[0.627s] DEBUG:colcon.colcon_core.package_identification:Package 'src/realsense-ros/realsense2_ros_mqtt_bridge' with type 'ros.ament_python' and name 'realsense2_ros_mqtt_bridge'
[0.627s] Level 1:colcon.colcon_core.package_identification:_identify(src/realsense-ros/res) by extensions ['ignore', 'ignore_ament_install']
[0.627s] Level 1:colcon.colcon_core.package_identification:_identify(src/realsense-ros/res) by extension 'ignore'
[0.628s] Level 1:colcon.colcon_core.package_identification:_identify(src/realsense-ros/res) by extension 'ignore_ament_install'
[0.628s] Level 1:colcon.colcon_core.package_identification:_identify(src/realsense-ros/res) by extensions ['colcon_pkg']
[0.628s] Level 1:colcon.colcon_core.package_identification:_identify(src/realsense-ros/res) by extension 'colcon_pkg'
[0.628s] Level 1:colcon.colcon_core.package_identification:_identify(src/realsense-ros/res) by extensions ['colcon_meta']
[0.628s] Level 1:colcon.colcon_core.package_identification:_identify(src/realsense-ros/res) by extension 'colcon_meta'
[0.628s] Level 1:colcon.colcon_core.package_identification:_identify(src/realsense-ros/res) by extensions ['ros']
[0.628s] Level 1:colcon.colcon_core.package_identification:_identify(src/realsense-ros/res) by extension 'ros'
[0.628s] Level 1:colcon.colcon_core.package_identification:_identify(src/realsense-ros/res) by extensions ['cmake', 'python']
[0.628s] Level 1:colcon.colcon_core.package_identification:_identify(src/realsense-ros/res) by extension 'cmake'
[0.628s] Level 1:colcon.colcon_core.package_identification:_identify(src/realsense-ros/res) by extension 'python'
[0.628s] Level 1:colcon.colcon_core.package_identification:_identify(src/realsense-ros/res) by extensions ['python_setup_py']
[0.628s] Level 1:colcon.colcon_core.package_identification:_identify(src/realsense-ros/res) by extension 'python_setup_py'
[0.629s] Level 1:colcon.colcon_core.package_identification:_identify(src/realsense-ros/scripts) by extensions ['ignore', 'ignore_ament_install']
[0.629s] Level 1:colcon.colcon_core.package_identification:_identify(src/realsense-ros/scripts) by extension 'ignore'
[0.629s] Level 1:colcon.colcon_core.package_identification:_identify(src/realsense-ros/scripts) by extension 'ignore_ament_install'
[0.629s] Level 1:colcon.colcon_core.package_identification:_identify(src/realsense-ros/scripts) by extensions ['colcon_pkg']
[0.629s] Level 1:colcon.colcon_core.package_identification:_identify(src/realsense-ros/scripts) by extension 'colcon_pkg'
[0.629s] Level 1:colcon.colcon_core.package_identification:_identify(src/realsense-ros/scripts) by extensions ['colcon_meta']
[0.629s] Level 1:colcon.colcon_core.package_identification:_identify(src/realsense-ros/scripts) by extension 'colcon_meta'
[0.629s] Level 1:colcon.colcon_core.package_identification:_identify(src/realsense-ros/scripts) by extensions ['ros']
[0.629s] Level 1:colcon.colcon_core.package_identification:_identify(src/realsense-ros/scripts) by extension 'ros'
[0.629s] Level 1:colcon.colcon_core.package_identification:_identify(src/realsense-ros/scripts) by extensions ['cmake', 'python']
[0.629s] Level 1:colcon.colcon_core.package_identification:_identify(src/realsense-ros/scripts) by extension 'cmake'
[0.630s] Level 1:colcon.colcon_core.package_identification:_identify(src/realsense-ros/scripts) by extension 'python'
[0.630s] Level 1:colcon.colcon_core.package_identification:_identify(src/realsense-ros/scripts) by extensions ['python_setup_py']
[0.630s] Level 1:colcon.colcon_core.package_identification:_identify(src/realsense-ros/scripts) by extension 'python_setup_py'
[0.630s] Level 1:colcon.colcon_core.package_identification:_identify(src/so101_gripper_control) by extensions ['ignore', 'ignore_ament_install']
[0.630s] Level 1:colcon.colcon_core.package_identification:_identify(src/so101_gripper_control) by extension 'ignore'
[0.630s] Level 1:colcon.colcon_core.package_identification:_identify(src/so101_gripper_control) by extension 'ignore_ament_install'
[0.630s] Level 1:colcon.colcon_core.package_identification:_identify(src/so101_gripper_control) by extensions ['colcon_pkg']
[0.630s] Level 1:colcon.colcon_core.package_identification:_identify(src/so101_gripper_control) by extension 'colcon_pkg'
[0.630s] Level 1:colcon.colcon_core.package_identification:_identify(src/so101_gripper_control) by extensions ['colcon_meta']
[0.630s] Level 1:colcon.colcon_core.package_identification:_identify(src/so101_gripper_control) by extension 'colcon_meta'
[0.630s] Level 1:colcon.colcon_core.package_identification:_identify(src/so101_gripper_control) by extensions ['ros']
[0.630s] Level 1:colcon.colcon_core.package_identification:_identify(src/so101_gripper_control) by extension 'ros'
[0.646s] DEBUG:colcon.colcon_core.package_identification:Package 'src/so101_gripper_control' with type 'ros.ament_python' and name 'so101_gripper_control'
[0.646s] Level 1:colcon.colcon_core.package_identification:_identify(src/ur3e_demo) by extensions ['ignore', 'ignore_ament_install']
[0.646s] Level 1:colcon.colcon_core.package_identification:_identify(src/ur3e_demo) by extension 'ignore'
[0.646s] Level 1:colcon.colcon_core.package_identification:_identify(src/ur3e_demo) by extension 'ignore_ament_install'
[0.647s] Level 1:colcon.colcon_core.package_identification:_identify(src/ur3e_demo) by extensions ['colcon_pkg']
[0.647s] Level 1:colcon.colcon_core.package_identification:_identify(src/ur3e_demo) by extension 'colcon_pkg'
[0.647s] Level 1:colcon.colcon_core.package_identification:_identify(src/ur3e_demo) by extensions ['colcon_meta']
[0.647s] Level 1:colcon.colcon_core.package_identification:_identify(src/ur3e_demo) by extension 'colcon_meta'
[0.647s] Level 1:colcon.colcon_core.package_identification:_identify(src/ur3e_demo) by extensions ['ros']
[0.647s] Level 1:colcon.colcon_core.package_identification:_identify(src/ur3e_demo) by extension 'ros'
[0.654s] DEBUG:colcon.colcon_core.package_identification:Package 'src/ur3e_demo' with type 'ros.ament_python' and name 'ur3e_demo'
[0.654s] Level 1:colcon.colcon_core.package_identification:_identify(src/yolo_ros) by extensions ['ignore', 'ignore_ament_install']
[0.655s] Level 1:colcon.colcon_core.package_identification:_identify(src/yolo_ros) by extension 'ignore'
[0.655s] Level 1:colcon.colcon_core.package_identification:_identify(src/yolo_ros) by extension 'ignore_ament_install'
[0.655s] Level 1:colcon.colcon_core.package_identification:_identify(src/yolo_ros) by extensions ['colcon_pkg']
[0.655s] Level 1:colcon.colcon_core.package_identification:_identify(src/yolo_ros) by extension 'colcon_pkg'
[0.655s] Level 1:colcon.colcon_core.package_identification:_identify(src/yolo_ros) by extensions ['colcon_meta']
[0.655s] Level 1:colcon.colcon_core.package_identification:_identify(src/yolo_ros) by extension 'colcon_meta'
[0.655s] Level 1:colcon.colcon_core.package_identification:_identify(src/yolo_ros) by extensions ['ros']
[0.655s] Level 1:colcon.colcon_core.package_identification:_identify(src/yolo_ros) by extension 'ros'
[0.655s] Level 1:colcon.colcon_core.package_identification:_identify(src/yolo_ros) by extensions ['cmake', 'python']
[0.655s] Level 1:colcon.colcon_core.package_identification:_identify(src/yolo_ros) by extension 'cmake'
[0.655s] Level 1:colcon.colcon_core.package_identification:_identify(src/yolo_ros) by extension 'python'
[0.655s] Level 1:colcon.colcon_core.package_identification:_identify(src/yolo_ros) by extensions ['python_setup_py']
[0.655s] Level 1:colcon.colcon_core.package_identification:_identify(src/yolo_ros) by extension 'python_setup_py'
[0.668s] Level 1:colcon.colcon_core.package_identification:_identify(src/yolo_ros/docs) by extensions ['ignore', 'ignore_ament_install']
[0.668s] Level 1:colcon.colcon_core.package_identification:_identify(src/yolo_ros/docs) by extension 'ignore'
[0.668s] Level 1:colcon.colcon_core.package_identification:_identify(src/yolo_ros/docs) by extension 'ignore_ament_install'
[0.668s] Level 1:colcon.colcon_core.package_identification:_identify(src/yolo_ros/docs) by extensions ['colcon_pkg']
[0.668s] Level 1:colcon.colcon_core.package_identification:_identify(src/yolo_ros/docs) by extension 'colcon_pkg'
[0.668s] Level 1:colcon.colcon_core.package_identification:_identify(src/yolo_ros/docs) by extensions ['colcon_meta']
[0.668s] Level 1:colcon.colcon_core.package_identification:_identify(src/yolo_ros/docs) by extension 'colcon_meta'
[0.668s] Level 1:colcon.colcon_core.package_identification:_identify(src/yolo_ros/docs) by extensions ['ros']
[0.668s] Level 1:colcon.colcon_core.package_identification:_identify(src/yolo_ros/docs) by extension 'ros'
[0.668s] Level 1:colcon.colcon_core.package_identification:_identify(src/yolo_ros/docs) by extensions ['cmake', 'python']
[0.668s] Level 1:colcon.colcon_core.package_identification:_identify(src/yolo_ros/docs) by extension 'cmake'
[0.668s] Level 1:colcon.colcon_core.package_identification:_identify(src/yolo_ros/docs) by extension 'python'
[0.669s] Level 1:colcon.colcon_core.package_identification:_identify(src/yolo_ros/docs) by extensions ['python_setup_py']
[0.669s] Level 1:colcon.colcon_core.package_identification:_identify(src/yolo_ros/docs) by extension 'python_setup_py'
[0.669s] Level 1:colcon.colcon_core.package_identification:_identify(src/yolo_ros/yolo_bringup) by extensions ['ignore', 'ignore_ament_install']
[0.669s] Level 1:colcon.colcon_core.package_identification:_identify(src/yolo_ros/yolo_bringup) by extension 'ignore'
[0.669s] Level 1:colcon.colcon_core.package_identification:_identify(src/yolo_ros/yolo_bringup) by extension 'ignore_ament_install'
[0.669s] Level 1:colcon.colcon_core.package_identification:_identify(src/yolo_ros/yolo_bringup) by extensions ['colcon_pkg']
[0.669s] Level 1:colcon.colcon_core.package_identification:_identify(src/yolo_ros/yolo_bringup) by extension 'colcon_pkg'
[0.669s] Level 1:colcon.colcon_core.package_identification:_identify(src/yolo_ros/yolo_bringup) by extensions ['colcon_meta']
[0.669s] Level 1:colcon.colcon_core.package_identification:_identify(src/yolo_ros/yolo_bringup) by extension 'colcon_meta'
[0.669s] Level 1:colcon.colcon_core.package_identification:_identify(src/yolo_ros/yolo_bringup) by extensions ['ros']
[0.669s] Level 1:colcon.colcon_core.package_identification:_identify(src/yolo_ros/yolo_bringup) by extension 'ros'
[0.670s] DEBUG:colcon.colcon_core.package_identification:Package 'src/yolo_ros/yolo_bringup' with type 'ros.ament_cmake' and name 'yolo_bringup'
[0.670s] Level 1:colcon.colcon_core.package_identification:_identify(src/yolo_ros/yolo_msgs) by extensions ['ignore', 'ignore_ament_install']
[0.670s] Level 1:colcon.colcon_core.package_identification:_identify(src/yolo_ros/yolo_msgs) by extension 'ignore'
[0.671s] Level 1:colcon.colcon_core.package_identification:_identify(src/yolo_ros/yolo_msgs) by extension 'ignore_ament_install'
[0.671s] Level 1:colcon.colcon_core.package_identification:_identify(src/yolo_ros/yolo_msgs) by extensions ['colcon_pkg']
[0.671s] Level 1:colcon.colcon_core.package_identification:_identify(src/yolo_ros/yolo_msgs) by extension 'colcon_pkg'
[0.671s] Level 1:colcon.colcon_core.package_identification:_identify(src/yolo_ros/yolo_msgs) by extensions ['colcon_meta']
[0.671s] Level 1:colcon.colcon_core.package_identification:_identify(src/yolo_ros/yolo_msgs) by extension 'colcon_meta'
[0.671s] Level 1:colcon.colcon_core.package_identification:_identify(src/yolo_ros/yolo_msgs) by extensions ['ros']
[0.671s] Level 1:colcon.colcon_core.package_identification:_identify(src/yolo_ros/yolo_msgs) by extension 'ros'
[0.672s] DEBUG:colcon.colcon_core.package_identification:Package 'src/yolo_ros/yolo_msgs' with type 'ros.ament_cmake' and name 'yolo_msgs'
[0.672s] Level 1:colcon.colcon_core.package_identification:_identify(src/yolo_ros/yolo_ros) by extensions ['ignore', 'ignore_ament_install']
[0.672s] Level 1:colcon.colcon_core.package_identification:_identify(src/yolo_ros/yolo_ros) by extension 'ignore'
[0.672s] Level 1:colcon.colcon_core.package_identification:_identify(src/yolo_ros/yolo_ros) by extension 'ignore_ament_install'
[0.672s] Level 1:colcon.colcon_core.package_identification:_identify(src/yolo_ros/yolo_ros) by extensions ['colcon_pkg']
[0.672s] Level 1:colcon.colcon_core.package_identification:_identify(src/yolo_ros/yolo_ros) by extension 'colcon_pkg'
[0.672s] Level 1:colcon.colcon_core.package_identification:_identify(src/yolo_ros/yolo_ros) by extensions ['colcon_meta']
[0.672s] Level 1:colcon.colcon_core.package_identification:_identify(src/yolo_ros/yolo_ros) by extension 'colcon_meta'
[0.672s] Level 1:colcon.colcon_core.package_identification:_identify(src/yolo_ros/yolo_ros) by extensions ['ros']
[0.672s] Level 1:colcon.colcon_core.package_identification:_identify(src/yolo_ros/yolo_ros) by extension 'ros'
[0.693s] DEBUG:colcon.colcon_core.package_identification:Package 'src/yolo_ros/yolo_ros' with type 'ros.ament_python' and name 'yolo_ros'
[0.694s] Level 1:colcon.colcon_core.package_discovery:discover_packages(recursive) using defaults
[0.694s] Level 1:colcon.colcon_core.package_discovery:discover_packages(ignore) discover
[0.694s] Level 1:colcon.colcon_core.package_discovery:discover_packages(ignore) using defaults
[0.694s] Level 1:colcon.colcon_core.package_discovery:discover_packages(path) discover
[0.694s] Level 1:colcon.colcon_core.package_discovery:discover_packages(path) using defaults
[0.846s] INFO:colcon.colcon_core.package_selection:Skipping package 'realsense2_rviz_plugin' in 'src/realsense-ros/realsense2_rgbd_plugin'
[0.846s] INFO:colcon.colcon_core.package_selection:Skipping package 'realsense2_description' in 'src/realsense-ros/realsense2_description'
[0.846s] INFO:colcon.colcon_core.package_selection:Skipping package 'realsense2_camera' in 'src/realsense-ros/realsense2_camera'
[0.846s] INFO:colcon.colcon_core.package_selection:Skipping package 'grocery_perception' in 'src/grocery_perception'
[0.846s] INFO:colcon.colcon_core.package_selection:Skipping package 'ur3e_demo' in 'src/ur3e_demo'
[0.846s] INFO:colcon.colcon_core.package_selection:Skipping package 'so101_gripper_control' in 'src/so101_gripper_control'
[0.846s] INFO:colcon.colcon_core.package_selection:Skipping package 'realsense2_ros_mqtt_bridge' in 'src/realsense-ros/realsense2_ros_mqtt_bridge'
[0.846s] INFO:colcon.colcon_core.package_selection:Skipping package 'realsense2_camera_msgs' in 'src/realsense-ros/realsense2_camera_msgs'
[0.846s] INFO:colcon.colcon_core.package_selection:Skipping package 'grocery_robot_bringup' in 'src/grocery_robot_bringup'
[0.867s] Level 1:colcon.colcon_core.package_discovery:discover_packages(prefix_path) check parameters
[0.867s] Level 1:colcon.colcon_core.package_discovery:discover_packages(prefix_path) discover
[0.877s] DEBUG:colcon.colcon_installed_package_information.package_discovery:Found 4 installed packages in /home/roboticslab/ros2_ws/install
[0.881s] DEBUG:colcon.colcon_installed_package_information.package_discovery:Found 70 installed packages in /home/roboticslab/ws_moveit/install
[0.887s] DEBUG:colcon.colcon_installed_package_information.package_discovery:Found 526 installed packages in /opt/ros/kilted
[0.890s] Level 1:colcon.colcon_core.package_discovery:discover_packages(prefix_path) using defaults
[1.659s] Level 5:colcon.colcon_core.verb:set package 'yolo_msgs' build argument 'cmake_args' from command line to 'None'
[1.659s] Level 5:colcon.colcon_core.verb:set package 'yolo_msgs' build argument 'cmake_target' from command line to 'None'
[1.659s] Level 5:colcon.colcon_core.verb:set package 'yolo_msgs' build argument 'cmake_target_skip_unavailable' from command line to 'False'
[1.659s] Level 5:colcon.colcon_core.verb:set package 'yolo_msgs' build argument 'cmake_clean_cache' from command line to 'False'
[1.659s] Level 5:colcon.colcon_core.verb:set package 'yolo_msgs' build argument 'cmake_clean_first' from command line to 'False'
[1.660s] Level 5:colcon.colcon_core.verb:set package 'yolo_msgs' build argument 'cmake_force_configure' from command line to 'False'
[1.660s] Level 5:colcon.colcon_core.verb:set package 'yolo_msgs' build argument 'ament_cmake_args' from command line to 'None'
[1.660s] Level 5:colcon.colcon_core.verb:set package 'yolo_msgs' build argument 'catkin_cmake_args' from command line to 'None'
[1.660s] Level 5:colcon.colcon_core.verb:set package 'yolo_msgs' build argument 'catkin_skip_building_tests' from command line to 'False'
[1.660s] DEBUG:colcon.colcon_core.verb:Building package 'yolo_msgs' with the following arguments: {'ament_cmake_args': None, 'build_base': '/home/roboticslab/ros2_ws/build/yolo_msgs', 'catkin_cmake_args': None, 'catkin_skip_building_tests': False, 'cmake_args': None, 'cmake_clean_cache': False, 'cmake_clean_first': False, 'cmake_force_configure': False, 'cmake_target': None, 'cmake_target_skip_unavailable': False, 'install_base': '/home/roboticslab/ros2_ws/install/yolo_msgs', 'merge_install': False, 'path': '/home/roboticslab/ros2_ws/src/yolo_ros/yolo_msgs', 'symlink_install': True, 'test_result_base': None}
[1.660s] Level 5:colcon.colcon_core.verb:set package 'yolo_ros' build argument 'cmake_args' from command line to 'None'
[1.660s] Level 5:colcon.colcon_core.verb:set package 'yolo_ros' build argument 'cmake_target' from command line to 'None'
[1.660s] Level 5:colcon.colcon_core.verb:set package 'yolo_ros' build argument 'cmake_target_skip_unavailable' from command line to 'False'
[1.660s] Level 5:colcon.colcon_core.verb:set package 'yolo_ros' build argument 'cmake_clean_cache' from command line to 'False'
[1.660s] Level 5:colcon.colcon_core.verb:set package 'yolo_ros' build argument 'cmake_clean_first' from command line to 'False'
[1.660s] Level 5:colcon.colcon_core.verb:set package 'yolo_ros' build argument 'cmake_force_configure' from command line to 'False'
[1.660s] Level 5:colcon.colcon_core.verb:set package 'yolo_ros' build argument 'ament_cmake_args' from command line to 'None'
[1.660s] Level 5:colcon.colcon_core.verb:set package 'yolo_ros' build argument 'catkin_cmake_args' from command line to 'None'
[1.660s] Level 5:colcon.colcon_core.verb:set package 'yolo_ros' build argument 'catkin_skip_building_tests' from command line to 'False'
[1.660s] DEBUG:colcon.colcon_core.verb:Building package 'yolo_ros' with the following arguments: {'ament_cmake_args': None, 'build_base': '/home/roboticslab/ros2_ws/build/yolo_ros', 'catkin_cmake_args': None, 'catkin_skip_building_tests': False, 'cmake_args': None, 'cmake_clean_cache': False, 'cmake_clean_first': False, 'cmake_force_configure': False, 'cmake_target': None, 'cmake_target_skip_unavailable': False, 'install_base': '/home/roboticslab/ros2_ws/install/yolo_ros', 'merge_install': False, 'path': '/home/roboticslab/ros2_ws/src/yolo_ros/yolo_ros', 'symlink_install': True, 'test_result_base': None}
[1.661s] Level 5:colcon.colcon_core.verb:set package 'yolo_bringup' build argument 'cmake_args' from command line to 'None'
[1.661s] Level 5:colcon.colcon_core.verb:set package 'yolo_bringup' build argument 'cmake_target' from command line to 'None'
[1.661s] Level 5:colcon.colcon_core.verb:set package 'yolo_bringup' build argument 'cmake_target_skip_unavailable' from command line to 'False'
[1.661s] Level 5:colcon.colcon_core.verb:set package 'yolo_bringup' build argument 'cmake_clean_cache' from command line to 'False'
[1.661s] Level 5:colcon.colcon_core.verb:set package 'yolo_bringup' build argument 'cmake_clean_first' from command line to 'False'
[1.661s] Level 5:colcon.colcon_core.verb:set package 'yolo_bringup' build argument 'cmake_force_configure' from command line to 'False'
[1.661s] Level 5:colcon.colcon_core.verb:set package 'yolo_bringup' build argument 'ament_cmake_args' from command line to 'None'
[1.661s] Level 5:colcon.colcon_core.verb:set package 'yolo_bringup' build argument 'catkin_cmake_args' from command line to 'None'
[1.661s] Level 5:colcon.colcon_core.verb:set package 'yolo_bringup' build argument 'catkin_skip_building_tests' from command line to 'False'
[1.661s] DEBUG:colcon.colcon_core.verb:Building package 'yolo_bringup' with the following arguments: {'ament_cmake_args': None, 'build_base': '/home/roboticslab/ros2_ws/build/yolo_bringup', 'catkin_cmake_args': None, 'catkin_skip_building_tests': False, 'cmake_args': None, 'cmake_clean_cache': False, 'cmake_clean_first': False, 'cmake_force_configure': False, 'cmake_target': None, 'cmake_target_skip_unavailable': False, 'install_base': '/home/roboticslab/ros2_ws/install/yolo_bringup', 'merge_install': False, 'path': '/home/roboticslab/ros2_ws/src/yolo_ros/yolo_bringup', 'symlink_install': True, 'test_result_base': None}
[1.661s] INFO:colcon.colcon_core.executor:Executing jobs using 'parallel' executor
[1.662s] DEBUG:colcon.colcon_parallel_executor.executor.parallel:run_until_complete
[1.662s] INFO:colcon.colcon_ros.task.ament_cmake.build:Building ROS package in '/home/roboticslab/ros2_ws/src/yolo_ros/yolo_msgs' with build type 'ament_cmake'
[1.662s] INFO:colcon.colcon_cmake.task.cmake.build:Building CMake package in '/home/roboticslab/ros2_ws/src/yolo_ros/yolo_msgs'
[1.706s] INFO:colcon.colcon_core.plugin_system:Skipping extension 'colcon_core.shell.bat': Not used on non-Windows systems
[1.707s] INFO:colcon.colcon_core.shell:Skip shell extension 'powershell' for command environment: Not usable outside of PowerShell
[1.707s] DEBUG:colcon.colcon_core.shell:Skip shell extension 'dsv' for command environment
[1.750s] DEBUG:colcon.colcon_core.event_handler.log_command:Invoking command in '/home/roboticslab/ros2_ws/build/yolo_msgs': CMAKE_PREFIX_PATH=${CMAKE_PREFIX_PATH}:/home/roboticslab/ros2_ws/install/yolo_ros:/home/roboticslab/ros2_ws/install/so101_gripper_control:/home/roboticslab/ws_moveit/install/moveit_configs_utils:/opt/ros/kilted DEBUGINFOD_URLS=https://debuginfod.ubuntu.com /usr/bin/cmake --build /home/roboticslab/ros2_ws/build/yolo_msgs -- -j4 -l4
[2.568s] DEBUG:colcon.colcon_core.event_handler.log_command:Invoked command in '/home/roboticslab/ros2_ws/build/yolo_msgs' returned '0': CMAKE_PREFIX_PATH=${CMAKE_PREFIX_PATH}:/home/roboticslab/ros2_ws/install/yolo_ros:/home/roboticslab/ros2_ws/install/so101_gripper_control:/home/roboticslab/ws_moveit/install/moveit_configs_utils:/opt/ros/kilted DEBUGINFOD_URLS=https://debuginfod.ubuntu.com /usr/bin/cmake --build /home/roboticslab/ros2_ws/build/yolo_msgs -- -j4 -l4
[2.605s] DEBUG:colcon.colcon_core.event_handler.log_command:Invoking command in '/home/roboticslab/ros2_ws/build/yolo_msgs': CMAKE_PREFIX_PATH=${CMAKE_PREFIX_PATH}:/home/roboticslab/ros2_ws/install/yolo_ros:/home/roboticslab/ros2_ws/install/so101_gripper_control:/home/roboticslab/ws_moveit/install/moveit_configs_utils:/opt/ros/kilted DEBUGINFOD_URLS=https://debuginfod.ubuntu.com /usr/bin/cmake --install /home/roboticslab/ros2_ws/build/yolo_msgs
[2.865s] Level 1:colcon.colcon_core.environment:create_environment_scripts_only(yolo_msgs)
[2.866s] DEBUG:colcon.colcon_core.event_handler.log_command:Invoked command in '/home/roboticslab/ros2_ws/build/yolo_msgs' returned '0': CMAKE_PREFIX_PATH=${CMAKE_PREFIX_PATH}:/home/roboticslab/ros2_ws/install/yolo_ros:/home/roboticslab/ros2_ws/install/so101_gripper_control:/home/roboticslab/ws_moveit/install/moveit_configs_utils:/opt/ros/kilted DEBUGINFOD_URLS=https://debuginfod.ubuntu.com /usr/bin/cmake --install /home/roboticslab/ros2_ws/build/yolo_msgs
[2.909s] Level 1:colcon.colcon_core.environment:checking '/home/roboticslab/ros2_ws/install/yolo_msgs' for CMake module files
[2.910s] Level 1:colcon.colcon_core.environment:checking '/home/roboticslab/ros2_ws/install/yolo_msgs' for CMake config files
[2.912s] Level 1:colcon.colcon_core.shell:create_environment_hook('yolo_msgs', 'cmake_prefix_path')
[2.912s] INFO:colcon.colcon_core.shell:Creating environment hook '/home/roboticslab/ros2_ws/install/yolo_msgs/share/yolo_msgs/hook/cmake_prefix_path.ps1'
[2.913s] INFO:colcon.colcon_core.shell:Creating environment descriptor '/home/roboticslab/ros2_ws/install/yolo_msgs/share/yolo_msgs/hook/cmake_prefix_path.dsv'
[2.914s] INFO:colcon.colcon_core.shell:Creating environment hook '/home/roboticslab/ros2_ws/install/yolo_msgs/share/yolo_msgs/hook/cmake_prefix_path.sh'
[2.915s] Level 1:colcon.colcon_core.environment:checking '/home/roboticslab/ros2_ws/install/yolo_msgs/lib'
[2.915s] Level 1:colcon.colcon_core.shell:create_environment_hook('yolo_msgs', 'ld_library_path_lib')
[2.915s] INFO:colcon.colcon_core.shell:Creating environment hook '/home/roboticslab/ros2_ws/install/yolo_msgs/share/yolo_msgs/hook/ld_library_path_lib.ps1'
[2.916s] INFO:colcon.colcon_core.shell:Creating environment descriptor '/home/roboticslab/ros2_ws/install/yolo_msgs/share/yolo_msgs/hook/ld_library_path_lib.dsv'
[2.916s] INFO:colcon.colcon_core.shell:Creating environment hook '/home/roboticslab/ros2_ws/install/yolo_msgs/share/yolo_msgs/hook/ld_library_path_lib.sh'
[2.917s] Level 1:colcon.colcon_core.environment:checking '/home/roboticslab/ros2_ws/install/yolo_msgs/bin'
[2.917s] Level 1:colcon.colcon_core.environment:checking '/home/roboticslab/ros2_ws/install/yolo_msgs/lib/pkgconfig/yolo_msgs.pc'
[2.917s] Level 1:colcon.colcon_core.environment:checking '/home/roboticslab/ros2_ws/install/yolo_msgs/lib/python3.12/site-packages'
[2.917s] Level 1:colcon.colcon_core.shell:create_environment_hook('yolo_msgs', 'pythonpath')
[2.918s] INFO:colcon.colcon_core.shell:Creating environment hook '/home/roboticslab/ros2_ws/install/yolo_msgs/share/yolo_msgs/hook/pythonpath.ps1'
[2.918s] INFO:colcon.colcon_core.shell:Creating environment descriptor '/home/roboticslab/ros2_ws/install/yolo_msgs/share/yolo_msgs/hook/pythonpath.dsv'
[2.919s] INFO:colcon.colcon_core.shell:Creating environment hook '/home/roboticslab/ros2_ws/install/yolo_msgs/share/yolo_msgs/hook/pythonpath.sh'
[2.920s] Level 1:colcon.colcon_core.environment:checking '/home/roboticslab/ros2_ws/install/yolo_msgs/bin'
[2.920s] INFO:colcon.colcon_core.shell:Creating package script '/home/roboticslab/ros2_ws/install/yolo_msgs/share/yolo_msgs/package.ps1'
[2.921s] INFO:colcon.colcon_core.shell:Creating package descriptor '/home/roboticslab/ros2_ws/install/yolo_msgs/share/yolo_msgs/package.dsv'
[2.922s] INFO:colcon.colcon_core.shell:Creating package script '/home/roboticslab/ros2_ws/install/yolo_msgs/share/yolo_msgs/package.sh'
[2.923s] INFO:colcon.colcon_core.shell:Creating package script '/home/roboticslab/ros2_ws/install/yolo_msgs/share/yolo_msgs/package.bash'
[2.924s] INFO:colcon.colcon_core.shell:Creating package script '/home/roboticslab/ros2_ws/install/yolo_msgs/share/yolo_msgs/package.zsh'
[2.925s] Level 1:colcon.colcon_core.environment:create_file_with_runtime_dependencies(/home/roboticslab/ros2_ws/install/yolo_msgs/share/colcon-core/packages/yolo_msgs)
[2.926s] Level 1:colcon.colcon_core.environment:create_environment_scripts_only(yolo_msgs)
[2.926s] Level 1:colcon.colcon_core.environment:checking '/home/roboticslab/ros2_ws/install/yolo_msgs' for CMake module files
[2.927s] Level 1:colcon.colcon_core.environment:checking '/home/roboticslab/ros2_ws/install/yolo_msgs' for CMake config files
[2.929s] Level 1:colcon.colcon_core.shell:create_environment_hook('yolo_msgs', 'cmake_prefix_path')
[2.929s] INFO:colcon.colcon_core.shell:Creating environment hook '/home/roboticslab/ros2_ws/install/yolo_msgs/share/yolo_msgs/hook/cmake_prefix_path.ps1'
[2.929s] INFO:colcon.colcon_core.shell:Creating environment descriptor '/home/roboticslab/ros2_ws/install/yolo_msgs/share/yolo_msgs/hook/cmake_prefix_path.dsv'
[2.930s] INFO:colcon.colcon_core.shell:Creating environment hook '/home/roboticslab/ros2_ws/install/yolo_msgs/share/yolo_msgs/hook/cmake_prefix_path.sh'
[2.930s] Level 1:colcon.colcon_core.environment:checking '/home/roboticslab/ros2_ws/install/yolo_msgs/lib'
[2.931s] Level 1:colcon.colcon_core.shell:create_environment_hook('yolo_msgs', 'ld_library_path_lib')
[2.931s] INFO:colcon.colcon_core.shell:Creating environment hook '/home/roboticslab/ros2_ws/install/yolo_msgs/share/yolo_msgs/hook/ld_library_path_lib.ps1'
[2.931s] INFO:colcon.colcon_core.shell:Creating environment descriptor '/home/roboticslab/ros2_ws/install/yolo_msgs/share/yolo_msgs/hook/ld_library_path_lib.dsv'
[2.932s] INFO:colcon.colcon_core.shell:Creating environment hook '/home/roboticslab/ros2_ws/install/yolo_msgs/share/yolo_msgs/hook/ld_library_path_lib.sh'
[2.932s] Level 1:colcon.colcon_core.environment:checking '/home/roboticslab/ros2_ws/install/yolo_msgs/bin'
[2.932s] Level 1:colcon.colcon_core.environment:checking '/home/roboticslab/ros2_ws/install/yolo_msgs/lib/pkgconfig/yolo_msgs.pc'
[2.933s] Level 1:colcon.colcon_core.environment:checking '/home/roboticslab/ros2_ws/install/yolo_msgs/lib/python3.12/site-packages'
[2.933s] Level 1:colcon.colcon_core.shell:create_environment_hook('yolo_msgs', 'pythonpath')
[2.933s] INFO:colcon.colcon_core.shell:Creating environment hook '/home/roboticslab/ros2_ws/install/yolo_msgs/share/yolo_msgs/hook/pythonpath.ps1'
[2.934s] INFO:colcon.colcon_core.shell:Creating environment descriptor '/home/roboticslab/ros2_ws/install/yolo_msgs/share/yolo_msgs/hook/pythonpath.dsv'
[2.934s] INFO:colcon.colcon_core.shell:Creating environment hook '/home/roboticslab/ros2_ws/install/yolo_msgs/share/yolo_msgs/hook/pythonpath.sh'
[2.935s] Level 1:colcon.colcon_core.environment:checking '/home/roboticslab/ros2_ws/install/yolo_msgs/bin'
[2.935s] INFO:colcon.colcon_core.shell:Creating package script '/home/roboticslab/ros2_ws/install/yolo_msgs/share/yolo_msgs/package.ps1'
[2.936s] INFO:colcon.colcon_core.shell:Creating package descriptor '/home/roboticslab/ros2_ws/install/yolo_msgs/share/yolo_msgs/package.dsv'
[2.937s] INFO:colcon.colcon_core.shell:Creating package script '/home/roboticslab/ros2_ws/install/yolo_msgs/share/yolo_msgs/package.sh'
[2.938s] INFO:colcon.colcon_core.shell:Creating package script '/home/roboticslab/ros2_ws/install/yolo_msgs/share/yolo_msgs/package.bash'
[2.938s] INFO:colcon.colcon_core.shell:Creating package script '/home/roboticslab/ros2_ws/install/yolo_msgs/share/yolo_msgs/package.zsh'
[2.939s] Level 1:colcon.colcon_core.environment:create_file_with_runtime_dependencies(/home/roboticslab/ros2_ws/install/yolo_msgs/share/colcon-core/packages/yolo_msgs)
[2.939s] INFO:colcon.colcon_ros.task.ament_python.build:Building ROS package in '/home/roboticslab/ros2_ws/src/yolo_ros/yolo_ros' with build type 'ament_python'
[2.939s] Level 1:colcon.colcon_core.shell:create_environment_hook('yolo_ros', 'ament_prefix_path')
[2.939s] INFO:colcon.colcon_core.shell:Creating environment hook '/home/roboticslab/ros2_ws/install/yolo_ros/share/yolo_ros/hook/ament_prefix_path.ps1'
[2.940s] INFO:colcon.colcon_core.shell:Creating environment descriptor '/home/roboticslab/ros2_ws/install/yolo_ros/share/yolo_ros/hook/ament_prefix_path.dsv'
[2.941s] INFO:colcon.colcon_core.shell:Creating environment hook '/home/roboticslab/ros2_ws/install/yolo_ros/share/yolo_ros/hook/ament_prefix_path.sh'
[2.942s] INFO:colcon.colcon_core.shell:Skip shell extension 'powershell' for command environment: Not usable outside of PowerShell
[2.942s] DEBUG:colcon.colcon_core.shell:Skip shell extension 'dsv' for command environment
[3.365s] INFO:colcon.colcon_core.task.python.build:Building Python package in '/home/roboticslab/ros2_ws/src/yolo_ros/yolo_ros'
[3.365s] INFO:colcon.colcon_core.shell:Skip shell extension 'powershell' for command environment: Not usable outside of PowerShell
[3.365s] DEBUG:colcon.colcon_core.shell:Skip shell extension 'dsv' for command environment
[5.134s] DEBUG:colcon.colcon_core.event_handler.log_command:Invoking command in '/home/roboticslab/ros2_ws/build/yolo_ros': CMAKE_PREFIX_PATH=/home/roboticslab/ros2_ws/install/yolo_msgs:/home/roboticslab/ros2_ws/install/yolo_bringup:/home/roboticslab/ws_moveit/install/robotiq_hardware_tests:/home/roboticslab/ws_moveit/install/robotiq_driver:/home/roboticslab/ws_moveit/install/serial:/home/roboticslab/ws_moveit/install/moveit2_tutorials:/home/roboticslab/ws_moveit/install/moveit_visual_tools:/home/roboticslab/ws_moveit/install/rviz_visual_tools:/home/roboticslab/ws_moveit/install/moveit_task_constructor_demo:/home/roboticslab/ws_moveit/install/moveit_task_constructor_visualization:/home/roboticslab/ws_moveit/install/moveit_task_constructor_capabilities:/home/roboticslab/ws_moveit/install/moveit_task_constructor_core:/home/roboticslab/ws_moveit/install/rviz_marker_tools:/home/roboticslab/ws_moveit/install/kortex_bringup:/home/roboticslab/ws_moveit/install/kinova_gen3_lite_moveit_config:/home/roboticslab/ws_moveit/install/kinova_gen3_7dof_robotiq_2f_85_moveit_config:/home/roboticslab/ws_moveit/install/kinova_gen3_6dof_robotiq_2f_85_moveit_config:/home/roboticslab/ws_moveit/install/kortex_description:/home/roboticslab/ws_moveit/install/robotiq_description:/home/roboticslab/ws_moveit/install/robotiq_controllers:/home/roboticslab/ws_moveit/install/pilz_industrial_motion_planner_testutils:/home/roboticslab/ws_moveit/install/moveit_runtime:/home/roboticslab/ws_moveit/install/moveit:/home/roboticslab/ws_moveit/install/moveit_planners:/home/roboticslab/ws_moveit/install/pilz_industrial_motion_planner:/home/roboticslab/ws_moveit/install/moveit_task_constructor_msgs:/home/roboticslab/ws_moveit/install/moveit_ros_control_interface:/home/roboticslab/ws_moveit/install/moveit_plugins:/home/roboticslab/ws_moveit/install/moveit_simple_controller_manager:/home/roboticslab/ws_moveit/install/moveit_setup_assistant:/home/roboticslab/ws_moveit/install/moveit_setup_srdf_plugins:/home/roboticslab/ws_moveit/install/moveit_setup_core_plugins:/home/roboticslab/ws_moveit/install/moveit_setup_controllers:/home/roboticslab/ws_moveit/install/moveit_setup_app_plugins:/home/roboticslab/ws_moveit/install/moveit_setup_framework:/home/roboticslab/ws_moveit/install/moveit_servo:/home/roboticslab/ws_moveit/install/moveit_ros_trajectory_cache:/home/roboticslab/ws_moveit/install/moveit_ros:/home/roboticslab/ws_moveit/install/moveit_ros_visualization:/home/roboticslab/ws_moveit/install/moveit_py:/home/roboticslab/ws_moveit/install/moveit_hybrid_planning:/home/roboticslab/ws_moveit/install/moveit_ros_planning_interface:/home/roboticslab/ws_moveit/install/moveit_ros_benchmarks:/home/roboticslab/ws_moveit/install/moveit_ros_warehouse:/home/roboticslab/ws_moveit/install/moveit_ros_robot_interaction:/home/roboticslab/ws_moveit/install/moveit_ros_perception:/home/roboticslab/ws_moveit/install/moveit_resources_prbt_pg70_support:/home/roboticslab/ws_moveit/install/moveit_resources_prbt_moveit_config:/home/roboticslab/ws_moveit/install/moveit_ros_move_group:/home/roboticslab/ws_moveit/install/moveit_planners_ompl:/home/roboticslab/ws_moveit/install/moveit_kinematics:/home/roboticslab/ws_moveit/install/moveit_ros_planning:/home/roboticslab/ws_moveit/install/moveit_ros_occupancy_map_monitor:/home/roboticslab/ws_moveit/install/moveit_resources_prbt_support:/home/roboticslab/ws_moveit/install/moveit_resources_prbt_ikfast_manipulator_plugin:/home/roboticslab/ws_moveit/install/moveit_resources:/home/roboticslab/ws_moveit/install/moveit_resources_pr2_description:/home/roboticslab/ws_moveit/install/moveit_resources_panda_moveit_config:/home/roboticslab/ws_moveit/install/dual_arm_panda_moveit_config:/home/roboticslab/ws_moveit/install/moveit_resources_panda_description:/home/roboticslab/ws_moveit/install/moveit_resources_fanuc_moveit_config:/home/roboticslab/ws_moveit/install/moveit_resources_fanuc_description:/home/roboticslab/ws_moveit/install/moveit_planners_stomp:/home/roboticslab/ws_moveit/install/moveit_planners_chomp:/home/roboticslab/ws_moveit/install/chomp_motion_planner:/home/roboticslab/ws_moveit/install/moveit_core:/home/roboticslab/ws_moveit/install/moveit_msgs:/home/roboticslab/ws_moveit/install/moveit_common:/home/roboticslab/ws_moveit/install/kortex_driver:/home/roboticslab/ws_moveit/install/kortex_api:/opt/ros/kilted/opt/gz_sim_vendor:/opt/ros/kilted/opt/gz_sensors_vendor:/opt/ros/kilted/opt/gz_physics_vendor:/opt/ros/kilted/opt/sdformat_vendor:/opt/ros/kilted/opt/gz_gui_vendor:/opt/ros/kilted/opt/gz_transport_vendor:/opt/ros/kilted/opt/gz_rendering_vendor:/opt/ros/kilted/opt/gz_plugin_vendor:/opt/ros/kilted/opt/gz_fuel_tools_vendor:/opt/ros/kilted/opt/gz_msgs_vendor:/opt/ros/kilted/opt/gz_common_vendor:/opt/ros/kilted/opt/gz_math_vendor:/opt/ros/kilted/opt/gz_utils_vendor:/opt/ros/kilted/opt/gz_tools_vendor:/opt/ros/kilted/opt/gz_ogre_next_vendor:/opt/ros/kilted/opt/gz_dartsim_vendor:/opt/ros/kilted/opt/gz_cmake_vendor DEBUGINFOD_URLS=https://debuginfod.ubuntu.com PYTHONPATH=/home/roboticslab/ros2_ws/build/yolo_ros/prefix_override:/usr/lib/python3/dist-packages/colcon_core/task/python/colcon_distutils_commands:/home/roboticslab/ros2_ws/install/yolo_ros/lib/python3.12/site-packages:/home/roboticslab/ros2_ws/install/yolo_msgs/lib/python3.12/site-packages:/home/roboticslab/ros2_ws/build/yolo_ros:/home/roboticslab/ros2_ws/install/yolo_ros/lib/python3.12/site-packages:/home/roboticslab/ros2_ws/build/so101_gripper_control:/home/roboticslab/ros2_ws/install/so101_gripper_control/lib/python3.12/site-packages:/home/roboticslab/ws_moveit/install/moveit_task_constructor_core/lib/python3.12/site-packages:/home/roboticslab/ws_moveit/install/moveit_task_constructor_msgs/lib/python3.12/site-packages:/home/roboticslab/ws_moveit/install/moveit_py/lib/python3.12/site-packages:/home/roboticslab/ws_moveit/install/moveit_msgs/lib/python3.12/site-packages:/home/roboticslab/ws_moveit/install/moveit_configs_utils/lib/python3.12/site-packages:/opt/ros/kilted/lib/python3.12/site-packages /usr/bin/python3 -W ignore:setup.py install is deprecated -W ignore:easy_install command is deprecated setup.py develop --editable --build-directory /home/roboticslab/ros2_ws/build/yolo_ros/build --no-deps symlink_data
[6.320s] Level 1:colcon.colcon_core.shell:create_environment_hook('yolo_ros', 'pythonpath_develop')
[6.320s] INFO:colcon.colcon_core.shell:Creating environment hook '/home/roboticslab/ros2_ws/build/yolo_ros/share/yolo_ros/hook/pythonpath_develop.ps1'
[6.320s] DEBUG:colcon.colcon_core.event_handler.log_command:Invoked command in '/home/roboticslab/ros2_ws/build/yolo_ros' returned '0': CMAKE_PREFIX_PATH=/home/roboticslab/ros2_ws/install/yolo_msgs:/home/roboticslab/ros2_ws/install/yolo_bringup:/home/roboticslab/ws_moveit/install/robotiq_hardware_tests:/home/roboticslab/ws_moveit/install/robotiq_driver:/home/roboticslab/ws_moveit/install/serial:/home/roboticslab/ws_moveit/install/moveit2_tutorials:/home/roboticslab/ws_moveit/install/moveit_visual_tools:/home/roboticslab/ws_moveit/install/rviz_visual_tools:/home/roboticslab/ws_moveit/install/moveit_task_constructor_demo:/home/roboticslab/ws_moveit/install/moveit_task_constructor_visualization:/home/roboticslab/ws_moveit/install/moveit_task_constructor_capabilities:/home/roboticslab/ws_moveit/install/moveit_task_constructor_core:/home/roboticslab/ws_moveit/install/rviz_marker_tools:/home/roboticslab/ws_moveit/install/kortex_bringup:/home/roboticslab/ws_moveit/install/kinova_gen3_lite_moveit_config:/home/roboticslab/ws_moveit/install/kinova_gen3_7dof_robotiq_2f_85_moveit_config:/home/roboticslab/ws_moveit/install/kinova_gen3_6dof_robotiq_2f_85_moveit_config:/home/roboticslab/ws_moveit/install/kortex_description:/home/roboticslab/ws_moveit/install/robotiq_description:/home/roboticslab/ws_moveit/install/robotiq_controllers:/home/roboticslab/ws_moveit/install/pilz_industrial_motion_planner_testutils:/home/roboticslab/ws_moveit/install/moveit_runtime:/home/roboticslab/ws_moveit/install/moveit:/home/roboticslab/ws_moveit/install/moveit_planners:/home/roboticslab/ws_moveit/install/pilz_industrial_motion_planner:/home/roboticslab/ws_moveit/install/moveit_task_constructor_msgs:/home/roboticslab/ws_moveit/install/moveit_ros_control_interface:/home/roboticslab/ws_moveit/install/moveit_plugins:/home/roboticslab/ws_moveit/install/moveit_simple_controller_manager:/home/roboticslab/ws_moveit/install/moveit_setup_assistant:/home/roboticslab/ws_moveit/install/moveit_setup_srdf_plugins:/home/roboticslab/ws_moveit/install/moveit_setup_core_plugins:/home/roboticslab/ws_moveit/install/moveit_setup_controllers:/home/roboticslab/ws_moveit/install/moveit_setup_app_plugins:/home/roboticslab/ws_moveit/install/moveit_setup_framework:/home/roboticslab/ws_moveit/install/moveit_servo:/home/roboticslab/ws_moveit/install/moveit_ros_trajectory_cache:/home/roboticslab/ws_moveit/install/moveit_ros:/home/roboticslab/ws_moveit/install/moveit_ros_visualization:/home/roboticslab/ws_moveit/install/moveit_py:/home/roboticslab/ws_moveit/install/moveit_hybrid_planning:/home/roboticslab/ws_moveit/install/moveit_ros_planning_interface:/home/roboticslab/ws_moveit/install/moveit_ros_benchmarks:/home/roboticslab/ws_moveit/install/moveit_ros_warehouse:/home/roboticslab/ws_moveit/install/moveit_ros_robot_interaction:/home/roboticslab/ws_moveit/install/moveit_ros_perception:/home/roboticslab/ws_moveit/install/moveit_resources_prbt_pg70_support:/home/roboticslab/ws_moveit/install/moveit_resources_prbt_moveit_config:/home/roboticslab/ws_moveit/install/moveit_ros_move_group:/home/roboticslab/ws_moveit/install/moveit_planners_ompl:/home/roboticslab/ws_moveit/install/moveit_kinematics:/home/roboticslab/ws_moveit/install/moveit_ros_planning:/home/roboticslab/ws_moveit/install/moveit_ros_occupancy_map_monitor:/home/roboticslab/ws_moveit/install/moveit_resources_prbt_support:/home/roboticslab/ws_moveit/install/moveit_resources_prbt_ikfast_manipulator_plugin:/home/roboticslab/ws_moveit/install/moveit_resources:/home/roboticslab/ws_moveit/install/moveit_resources_pr2_description:/home/roboticslab/ws_moveit/install/moveit_resources_panda_moveit_config:/home/roboticslab/ws_moveit/install/dual_arm_panda_moveit_config:/home/roboticslab/ws_moveit/install/moveit_resources_panda_description:/home/roboticslab/ws_moveit/install/moveit_resources_fanuc_moveit_config:/home/roboticslab/ws_moveit/install/moveit_resources_fanuc_description:/home/roboticslab/ws_moveit/install/moveit_planners_stomp:/home/roboticslab/ws_moveit/install/moveit_planners_chomp:/home/roboticslab/ws_moveit/install/chomp_motion_planner:/home/roboticslab/ws_moveit/install/moveit_core:/home/roboticslab/ws_moveit/install/moveit_msgs:/home/roboticslab/ws_moveit/install/moveit_common:/home/roboticslab/ws_moveit/install/kortex_driver:/home/roboticslab/ws_moveit/install/kortex_api:/opt/ros/kilted/opt/gz_sim_vendor:/opt/ros/kilted/opt/gz_sensors_vendor:/opt/ros/kilted/opt/gz_physics_vendor:/opt/ros/kilted/opt/sdformat_vendor:/opt/ros/kilted/opt/gz_gui_vendor:/opt/ros/kilted/opt/gz_transport_vendor:/opt/ros/kilted/opt/gz_rendering_vendor:/opt/ros/kilted/opt/gz_plugin_vendor:/opt/ros/kilted/opt/gz_fuel_tools_vendor:/opt/ros/kilted/opt/gz_msgs_vendor:/opt/ros/kilted/opt/gz_common_vendor:/opt/ros/kilted/opt/gz_math_vendor:/opt/ros/kilted/opt/gz_utils_vendor:/opt/ros/kilted/opt/gz_tools_vendor:/opt/ros/kilted/opt/gz_ogre_next_vendor:/opt/ros/kilted/opt/gz_dartsim_vendor:/opt/ros/kilted/opt/gz_cmake_vendor DEBUGINFOD_URLS=https://debuginfod.ubuntu.com PYTHONPATH=/home/roboticslab/ros2_ws/build/yolo_ros/prefix_override:/usr/lib/python3/dist-packages/colcon_core/task/python/colcon_distutils_commands:/home/roboticslab/ros2_ws/install/yolo_ros/lib/python3.12/site-packages:/home/roboticslab/ros2_ws/install/yolo_msgs/lib/python3.12/site-packages:/home/roboticslab/ros2_ws/build/yolo_ros:/home/roboticslab/ros2_ws/install/yolo_ros/lib/python3.12/site-packages:/home/roboticslab/ros2_ws/build/so101_gripper_control:/home/roboticslab/ros2_ws/install/so101_gripper_control/lib/python3.12/site-packages:/home/roboticslab/ws_moveit/install/moveit_task_constructor_core/lib/python3.12/site-packages:/home/roboticslab/ws_moveit/install/moveit_task_constructor_msgs/lib/python3.12/site-packages:/home/roboticslab/ws_moveit/install/moveit_py/lib/python3.12/site-packages:/home/roboticslab/ws_moveit/install/moveit_msgs/lib/python3.12/site-packages:/home/roboticslab/ws_moveit/install/moveit_configs_utils/lib/python3.12/site-packages:/opt/ros/kilted/lib/python3.12/site-packages /usr/bin/python3 -W ignore:setup.py install is deprecated -W ignore:easy_install command is deprecated setup.py develop --editable --build-directory /home/roboticslab/ros2_ws/build/yolo_ros/build --no-deps symlink_data
[6.321s] INFO:colcon.colcon_core.shell:Creating environment descriptor '/home/roboticslab/ros2_ws/build/yolo_ros/share/yolo_ros/hook/pythonpath_develop.dsv'
[6.321s] INFO:colcon.colcon_core.shell:Creating environment hook '/home/roboticslab/ros2_ws/build/yolo_ros/share/yolo_ros/hook/pythonpath_develop.sh'
[6.322s] Level 1:colcon.colcon_core.environment:checking '/home/roboticslab/ros2_ws/install/yolo_ros' for CMake module files
[6.322s] Level 1:colcon.colcon_core.environment:checking '/home/roboticslab/ros2_ws/install/yolo_ros' for CMake config files
[6.323s] Level 1:colcon.colcon_core.environment:checking '/home/roboticslab/ros2_ws/install/yolo_ros/lib'
[6.323s] Level 1:colcon.colcon_core.environment:checking '/home/roboticslab/ros2_ws/install/yolo_ros/bin'
[6.323s] Level 1:colcon.colcon_core.environment:checking '/home/roboticslab/ros2_ws/install/yolo_ros/lib/pkgconfig/yolo_ros.pc'
[6.323s] Level 1:colcon.colcon_core.environment:checking '/home/roboticslab/ros2_ws/install/yolo_ros/lib/python3.12/site-packages'
[6.323s] Level 1:colcon.colcon_core.shell:create_environment_hook('yolo_ros', 'pythonpath')
[6.323s] INFO:colcon.colcon_core.shell:Creating environment hook '/home/roboticslab/ros2_ws/install/yolo_ros/share/yolo_ros/hook/pythonpath.ps1'
[6.324s] INFO:colcon.colcon_core.shell:Creating environment descriptor '/home/roboticslab/ros2_ws/install/yolo_ros/share/yolo_ros/hook/pythonpath.dsv'
[6.324s] INFO:colcon.colcon_core.shell:Creating environment hook '/home/roboticslab/ros2_ws/install/yolo_ros/share/yolo_ros/hook/pythonpath.sh'
[6.325s] Level 1:colcon.colcon_core.environment:checking '/home/roboticslab/ros2_ws/install/yolo_ros/bin'
[6.325s] Level 1:colcon.colcon_core.environment:create_environment_scripts_only(yolo_ros)
[6.325s] INFO:colcon.colcon_core.shell:Creating package script '/home/roboticslab/ros2_ws/install/yolo_ros/share/yolo_ros/package.ps1'
[6.326s] INFO:colcon.colcon_core.shell:Creating package descriptor '/home/roboticslab/ros2_ws/install/yolo_ros/share/yolo_ros/package.dsv'
[6.326s] INFO:colcon.colcon_core.shell:Creating package script '/home/roboticslab/ros2_ws/install/yolo_ros/share/yolo_ros/package.sh'
[6.326s] INFO:colcon.colcon_core.shell:Creating package script '/home/roboticslab/ros2_ws/install/yolo_ros/share/yolo_ros/package.bash'
[6.327s] INFO:colcon.colcon_core.shell:Creating package script '/home/roboticslab/ros2_ws/install/yolo_ros/share/yolo_ros/package.zsh'
[6.327s] Level 1:colcon.colcon_core.environment:create_file_with_runtime_dependencies(/home/roboticslab/ros2_ws/install/yolo_ros/share/colcon-core/packages/yolo_ros)
[6.328s] INFO:colcon.colcon_ros.task.ament_cmake.build:Building ROS package in '/home/roboticslab/ros2_ws/src/yolo_ros/yolo_bringup' with build type 'ament_cmake'
[6.328s] INFO:colcon.colcon_cmake.task.cmake.build:Building CMake package in '/home/roboticslab/ros2_ws/src/yolo_ros/yolo_bringup'
[6.328s] INFO:colcon.colcon_core.shell:Skip shell extension 'powershell' for command environment: Not usable outside of PowerShell
[6.328s] DEBUG:colcon.colcon_core.shell:Skip shell extension 'dsv' for command environment
[6.365s] DEBUG:colcon.colcon_core.event_handler.log_command:Invoking command in '/home/roboticslab/ros2_ws/build/yolo_bringup': AMENT_PREFIX_PATH=/home/roboticslab/ros2_ws/install/yolo_ros:/home/roboticslab/ros2_ws/install/yolo_bringup:/home/roboticslab/ros2_ws/install/yolo_msgs:/home/roboticslab/ros2_ws/install/so101_gripper_control:/home/roboticslab/ws_moveit/install/robotiq_hardware_tests:/home/roboticslab/ws_moveit/install/robotiq_driver:/home/roboticslab/ws_moveit/install/serial:/home/roboticslab/ws_moveit/install/moveit2_tutorials:/home/roboticslab/ws_moveit/install/moveit_visual_tools:/home/roboticslab/ws_moveit/install/rviz_visual_tools:/home/roboticslab/ws_moveit/install/moveit_task_constructor_demo:/home/roboticslab/ws_moveit/install/moveit_task_constructor_visualization:/home/roboticslab/ws_moveit/install/moveit_task_constructor_capabilities:/home/roboticslab/ws_moveit/install/moveit_task_constructor_core:/home/roboticslab/ws_moveit/install/rviz_marker_tools:/home/roboticslab/ws_moveit/install/kortex_bringup:/home/roboticslab/ws_moveit/install/kinova_gen3_lite_moveit_config:/home/roboticslab/ws_moveit/install/kinova_gen3_7dof_robotiq_2f_85_moveit_config:/home/roboticslab/ws_moveit/install/kinova_gen3_6dof_robotiq_2f_85_moveit_config:/home/roboticslab/ws_moveit/install/kortex_description:/home/roboticslab/ws_moveit/install/robotiq_description:/home/roboticslab/ws_moveit/install/robotiq_controllers:/home/roboticslab/ws_moveit/install/pilz_industrial_motion_planner_testutils:/home/roboticslab/ws_moveit/install/moveit_runtime:/home/roboticslab/ws_moveit/install/moveit:/home/roboticslab/ws_moveit/install/moveit_planners:/home/roboticslab/ws_moveit/install/pilz_industrial_motion_planner:/home/roboticslab/ws_moveit/install/moveit_task_constructor_msgs:/home/roboticslab/ws_moveit/install/moveit_ros_control_interface:/home/roboticslab/ws_moveit/install/moveit_plugins:/home/roboticslab/ws_moveit/install/moveit_simple_controller_manager:/home/roboticslab/ws_moveit/install/moveit_setup_assistant:/home/roboticslab/ws_moveit/install/moveit_setup_srdf_plugins:/home/roboticslab/ws_moveit/install/moveit_setup_core_plugins:/home/roboticslab/ws_moveit/install/moveit_setup_controllers:/home/roboticslab/ws_moveit/install/moveit_setup_app_plugins:/home/roboticslab/ws_moveit/install/moveit_setup_framework:/home/roboticslab/ws_moveit/install/moveit_servo:/home/roboticslab/ws_moveit/install/moveit_ros_trajectory_cache:/home/roboticslab/ws_moveit/install/moveit_ros:/home/roboticslab/ws_moveit/install/moveit_ros_visualization:/home/roboticslab/ws_moveit/install/moveit_py:/home/roboticslab/ws_moveit/install/moveit_hybrid_planning:/home/roboticslab/ws_moveit/install/moveit_ros_planning_interface:/home/roboticslab/ws_moveit/install/moveit_ros_benchmarks:/home/roboticslab/ws_moveit/install/moveit_ros_warehouse:/home/roboticslab/ws_moveit/install/moveit_ros_robot_interaction:/home/roboticslab/ws_moveit/install/moveit_ros_perception:/home/roboticslab/ws_moveit/install/moveit_resources_prbt_pg70_support:/home/roboticslab/ws_moveit/install/moveit_resources_prbt_moveit_config:/home/roboticslab/ws_moveit/install/moveit_ros_move_group:/home/roboticslab/ws_moveit/install/moveit_planners_ompl:/home/roboticslab/ws_moveit/install/moveit_kinematics:/home/roboticslab/ws_moveit/install/moveit_ros_planning:/home/roboticslab/ws_moveit/install/moveit_ros_occupancy_map_monitor:/home/roboticslab/ws_moveit/install/moveit_resources_prbt_support:/home/roboticslab/ws_moveit/install/moveit_resources_prbt_ikfast_manipulator_plugin:/home/roboticslab/ws_moveit/install/moveit_resources:/home/roboticslab/ws_moveit/install/moveit_resources_pr2_description:/home/roboticslab/ws_moveit/install/moveit_resources_panda_moveit_config:/home/roboticslab/ws_moveit/install/dual_arm_panda_moveit_config:/home/roboticslab/ws_moveit/install/moveit_resources_panda_description:/home/roboticslab/ws_moveit/install/moveit_resources_fanuc_moveit_config:/home/roboticslab/ws_moveit/install/moveit_resources_fanuc_description:/home/roboticslab/ws_moveit/install/moveit_planners_stomp:/home/roboticslab/ws_moveit/install/moveit_planners_chomp:/home/roboticslab/ws_moveit/install/chomp_motion_planner:/home/roboticslab/ws_moveit/install/moveit_core:/home/roboticslab/ws_moveit/install/moveit_msgs:/home/roboticslab/ws_moveit/install/moveit_configs_utils:/home/roboticslab/ws_moveit/install/moveit_common:/home/roboticslab/ws_moveit/install/kortex_driver:/home/roboticslab/ws_moveit/install/kortex_api:/opt/ros/kilted CMAKE_PREFIX_PATH=/home/roboticslab/ros2_ws/install/yolo_msgs:/home/roboticslab/ros2_ws/install/yolo_bringup:/home/roboticslab/ws_moveit/install/robotiq_hardware_tests:/home/roboticslab/ws_moveit/install/robotiq_driver:/home/roboticslab/ws_moveit/install/serial:/home/roboticslab/ws_moveit/install/moveit2_tutorials:/home/roboticslab/ws_moveit/install/moveit_visual_tools:/home/roboticslab/ws_moveit/install/rviz_visual_tools:/home/roboticslab/ws_moveit/install/moveit_task_constructor_demo:/home/roboticslab/ws_moveit/install/moveit_task_constructor_visualization:/home/roboticslab/ws_moveit/install/moveit_task_constructor_capabilities:/home/roboticslab/ws_moveit/install/moveit_task_constructor_core:/home/roboticslab/ws_moveit/install/rviz_marker_tools:/home/roboticslab/ws_moveit/install/kortex_bringup:/home/roboticslab/ws_moveit/install/kinova_gen3_lite_moveit_config:/home/roboticslab/ws_moveit/install/kinova_gen3_7dof_robotiq_2f_85_moveit_config:/home/roboticslab/ws_moveit/install/kinova_gen3_6dof_robotiq_2f_85_moveit_config:/home/roboticslab/ws_moveit/install/kortex_description:/home/roboticslab/ws_moveit/install/robotiq_description:/home/roboticslab/ws_moveit/install/robotiq_controllers:/home/roboticslab/ws_moveit/install/pilz_industrial_motion_planner_testutils:/home/roboticslab/ws_moveit/install/moveit_runtime:/home/roboticslab/ws_moveit/install/moveit:/home/roboticslab/ws_moveit/install/moveit_planners:/home/roboticslab/ws_moveit/install/pilz_industrial_motion_planner:/home/roboticslab/ws_moveit/install/moveit_task_constructor_msgs:/home/roboticslab/ws_moveit/install/moveit_ros_control_interface:/home/roboticslab/ws_moveit/install/moveit_plugins:/home/roboticslab/ws_moveit/install/moveit_simple_controller_manager:/home/roboticslab/ws_moveit/install/moveit_setup_assistant:/home/roboticslab/ws_moveit/install/moveit_setup_srdf_plugins:/home/roboticslab/ws_moveit/install/moveit_setup_core_plugins:/home/roboticslab/ws_moveit/install/moveit_setup_controllers:/home/roboticslab/ws_moveit/install/moveit_setup_app_plugins:/home/roboticslab/ws_moveit/install/moveit_setup_framework:/home/roboticslab/ws_moveit/install/moveit_servo:/home/roboticslab/ws_moveit/install/moveit_ros_trajectory_cache:/home/roboticslab/ws_moveit/install/moveit_ros:/home/roboticslab/ws_moveit/install/moveit_ros_visualization:/home/roboticslab/ws_moveit/install/moveit_py:/home/roboticslab/ws_moveit/install/moveit_hybrid_planning:/home/roboticslab/ws_moveit/install/moveit_ros_planning_interface:/home/roboticslab/ws_moveit/install/moveit_ros_benchmarks:/home/roboticslab/ws_moveit/install/moveit_ros_warehouse:/home/roboticslab/ws_moveit/install/moveit_ros_robot_interaction:/home/roboticslab/ws_moveit/install/moveit_ros_perception:/home/roboticslab/ws_moveit/install/moveit_resources_prbt_pg70_support:/home/roboticslab/ws_moveit/install/moveit_resources_prbt_moveit_config:/home/roboticslab/ws_moveit/install/moveit_ros_move_group:/home/roboticslab/ws_moveit/install/moveit_planners_ompl:/home/roboticslab/ws_moveit/install/moveit_kinematics:/home/roboticslab/ws_moveit/install/moveit_ros_planning:/home/roboticslab/ws_moveit/install/moveit_ros_occupancy_map_monitor:/home/roboticslab/ws_moveit/install/moveit_resources_prbt_support:/home/roboticslab/ws_moveit/install/moveit_resources_prbt_ikfast_manipulator_plugin:/home/roboticslab/ws_moveit/install/moveit_resources:/home/roboticslab/ws_moveit/install/moveit_resources_pr2_description:/home/roboticslab/ws_moveit/install/moveit_resources_panda_moveit_config:/home/roboticslab/ws_moveit/install/dual_arm_panda_moveit_config:/home/roboticslab/ws_moveit/install/moveit_resources_panda_description:/home/roboticslab/ws_moveit/install/moveit_resources_fanuc_moveit_config:/home/roboticslab/ws_moveit/install/moveit_resources_fanuc_description:/home/roboticslab/ws_moveit/install/moveit_planners_stomp:/home/roboticslab/ws_moveit/install/moveit_planners_chomp:/home/roboticslab/ws_moveit/install/chomp_motion_planner:/home/roboticslab/ws_moveit/install/moveit_core:/home/roboticslab/ws_moveit/install/moveit_msgs:/home/roboticslab/ws_moveit/install/moveit_common:/home/roboticslab/ws_moveit/install/kortex_driver:/home/roboticslab/ws_moveit/install/kortex_api:/opt/ros/kilted/opt/gz_sim_vendor:/opt/ros/kilted/opt/gz_sensors_vendor:/opt/ros/kilted/opt/gz_physics_vendor:/opt/ros/kilted/opt/sdformat_vendor:/opt/ros/kilted/opt/gz_gui_vendor:/opt/ros/kilted/opt/gz_transport_vendor:/opt/ros/kilted/opt/gz_rendering_vendor:/opt/ros/kilted/opt/gz_plugin_vendor:/opt/ros/kilted/opt/gz_fuel_tools_vendor:/opt/ros/kilted/opt/gz_msgs_vendor:/opt/ros/kilted/opt/gz_common_vendor:/opt/ros/kilted/opt/gz_math_vendor:/opt/ros/kilted/opt/gz_utils_vendor:/opt/ros/kilted/opt/gz_tools_vendor:/opt/ros/kilted/opt/gz_ogre_next_vendor:/opt/ros/kilted/opt/gz_dartsim_vendor:/opt/ros/kilted/opt/gz_cmake_vendor:/home/roboticslab/ros2_ws/install/yolo_ros:/home/roboticslab/ros2_ws/install/so101_gripper_control:/home/roboticslab/ws_moveit/install/moveit_configs_utils:/opt/ros/kilted DEBUGINFOD_URLS=https://debuginfod.ubuntu.com /usr/bin/cmake --build /home/roboticslab/ros2_ws/build/yolo_bringup -- -j4 -l4
[6.428s] DEBUG:colcon.colcon_core.event_handler.log_command:Invoked command in '/home/roboticslab/ros2_ws/build/yolo_bringup' returned '0': AMENT_PREFIX_PATH=/home/roboticslab/ros2_ws/install/yolo_ros:/home/roboticslab/ros2_ws/install/yolo_bringup:/home/roboticslab/ros2_ws/install/yolo_msgs:/home/roboticslab/ros2_ws/install/so101_gripper_control:/home/roboticslab/ws_moveit/install/robotiq_hardware_tests:/home/roboticslab/ws_moveit/install/robotiq_driver:/home/roboticslab/ws_moveit/install/serial:/home/roboticslab/ws_moveit/install/moveit2_tutorials:/home/roboticslab/ws_moveit/install/moveit_visual_tools:/home/roboticslab/ws_moveit/install/rviz_visual_tools:/home/roboticslab/ws_moveit/install/moveit_task_constructor_demo:/home/roboticslab/ws_moveit/install/moveit_task_constructor_visualization:/home/roboticslab/ws_moveit/install/moveit_task_constructor_capabilities:/home/roboticslab/ws_moveit/install/moveit_task_constructor_core:/home/roboticslab/ws_moveit/install/rviz_marker_tools:/home/roboticslab/ws_moveit/install/kortex_bringup:/home/roboticslab/ws_moveit/install/kinova_gen3_lite_moveit_config:/home/roboticslab/ws_moveit/install/kinova_gen3_7dof_robotiq_2f_85_moveit_config:/home/roboticslab/ws_moveit/install/kinova_gen3_6dof_robotiq_2f_85_moveit_config:/home/roboticslab/ws_moveit/install/kortex_description:/home/roboticslab/ws_moveit/install/robotiq_description:/home/roboticslab/ws_moveit/install/robotiq_controllers:/home/roboticslab/ws_moveit/install/pilz_industrial_motion_planner_testutils:/home/roboticslab/ws_moveit/install/moveit_runtime:/home/roboticslab/ws_moveit/install/moveit:/home/roboticslab/ws_moveit/install/moveit_planners:/home/roboticslab/ws_moveit/install/pilz_industrial_motion_planner:/home/roboticslab/ws_moveit/install/moveit_task_constructor_msgs:/home/roboticslab/ws_moveit/install/moveit_ros_control_interface:/home/roboticslab/ws_moveit/install/moveit_plugins:/home/roboticslab/ws_moveit/install/moveit_simple_controller_manager:/home/roboticslab/ws_moveit/install/moveit_setup_assistant:/home/roboticslab/ws_moveit/install/moveit_setup_srdf_plugins:/home/roboticslab/ws_moveit/install/moveit_setup_core_plugins:/home/roboticslab/ws_moveit/install/moveit_setup_controllers:/home/roboticslab/ws_moveit/install/moveit_setup_app_plugins:/home/roboticslab/ws_moveit/install/moveit_setup_framework:/home/roboticslab/ws_moveit/install/moveit_servo:/home/roboticslab/ws_moveit/install/moveit_ros_trajectory_cache:/home/roboticslab/ws_moveit/install/moveit_ros:/home/roboticslab/ws_moveit/install/moveit_ros_visualization:/home/roboticslab/ws_moveit/install/moveit_py:/home/roboticslab/ws_moveit/install/moveit_hybrid_planning:/home/roboticslab/ws_moveit/install/moveit_ros_planning_interface:/home/roboticslab/ws_moveit/install/moveit_ros_benchmarks:/home/roboticslab/ws_moveit/install/moveit_ros_warehouse:/home/roboticslab/ws_moveit/install/moveit_ros_robot_interaction:/home/roboticslab/ws_moveit/install/moveit_ros_perception:/home/roboticslab/ws_moveit/install/moveit_resources_prbt_pg70_support:/home/roboticslab/ws_moveit/install/moveit_resources_prbt_moveit_config:/home/roboticslab/ws_moveit/install/moveit_ros_move_group:/home/roboticslab/ws_moveit/install/moveit_planners_ompl:/home/roboticslab/ws_moveit/install/moveit_kinematics:/home/roboticslab/ws_moveit/install/moveit_ros_planning:/home/roboticslab/ws_moveit/install/moveit_ros_occupancy_map_monitor:/home/roboticslab/ws_moveit/install/moveit_resources_prbt_support:/home/roboticslab/ws_moveit/install/moveit_resources_prbt_ikfast_manipulator_plugin:/home/roboticslab/ws_moveit/install/moveit_resources:/home/roboticslab/ws_moveit/install/moveit_resources_pr2_description:/home/roboticslab/ws_moveit/install/moveit_resources_panda_moveit_config:/home/roboticslab/ws_moveit/install/dual_arm_panda_moveit_config:/home/roboticslab/ws_moveit/install/moveit_resources_panda_description:/home/roboticslab/ws_moveit/install/moveit_resources_fanuc_moveit_config:/home/roboticslab/ws_moveit/install/moveit_resources_fanuc_description:/home/roboticslab/ws_moveit/install/moveit_planners_stomp:/home/roboticslab/ws_moveit/install/moveit_planners_chomp:/home/roboticslab/ws_moveit/install/chomp_motion_planner:/home/roboticslab/ws_moveit/install/moveit_core:/home/roboticslab/ws_moveit/install/moveit_msgs:/home/roboticslab/ws_moveit/install/moveit_configs_utils:/home/roboticslab/ws_moveit/install/moveit_common:/home/roboticslab/ws_moveit/install/kortex_driver:/home/roboticslab/ws_moveit/install/kortex_api:/opt/ros/kilted CMAKE_PREFIX_PATH=/home/roboticslab/ros2_ws/install/yolo_msgs:/home/roboticslab/ros2_ws/install/yolo_bringup:/home/roboticslab/ws_moveit/install/robotiq_hardware_tests:/home/roboticslab/ws_moveit/install/robotiq_driver:/home/roboticslab/ws_moveit/install/serial:/home/roboticslab/ws_moveit/install/moveit2_tutorials:/home/roboticslab/ws_moveit/install/moveit_visual_tools:/home/roboticslab/ws_moveit/install/rviz_visual_tools:/home/roboticslab/ws_moveit/install/moveit_task_constructor_demo:/home/roboticslab/ws_moveit/install/moveit_task_constructor_visualization:/home/roboticslab/ws_moveit/install/moveit_task_constructor_capabilities:/home/roboticslab/ws_moveit/install/moveit_task_constructor_core:/home/roboticslab/ws_moveit/install/rviz_marker_tools:/home/roboticslab/ws_moveit/install/kortex_bringup:/home/roboticslab/ws_moveit/install/kinova_gen3_lite_moveit_config:/home/roboticslab/ws_moveit/install/kinova_gen3_7dof_robotiq_2f_85_moveit_config:/home/roboticslab/ws_moveit/install/kinova_gen3_6dof_robotiq_2f_85_moveit_config:/home/roboticslab/ws_moveit/install/kortex_description:/home/roboticslab/ws_moveit/install/robotiq_description:/home/roboticslab/ws_moveit/install/robotiq_controllers:/home/roboticslab/ws_moveit/install/pilz_industrial_motion_planner_testutils:/home/roboticslab/ws_moveit/install/moveit_runtime:/home/roboticslab/ws_moveit/install/moveit:/home/roboticslab/ws_moveit/install/moveit_planners:/home/roboticslab/ws_moveit/install/pilz_industrial_motion_planner:/home/roboticslab/ws_moveit/install/moveit_task_constructor_msgs:/home/roboticslab/ws_moveit/install/moveit_ros_control_interface:/home/roboticslab/ws_moveit/install/moveit_plugins:/home/roboticslab/ws_moveit/install/moveit_simple_controller_manager:/home/roboticslab/ws_moveit/install/moveit_setup_assistant:/home/roboticslab/ws_moveit/install/moveit_setup_srdf_plugins:/home/roboticslab/ws_moveit/install/moveit_setup_core_plugins:/home/roboticslab/ws_moveit/install/moveit_setup_controllers:/home/roboticslab/ws_moveit/install/moveit_setup_app_plugins:/home/roboticslab/ws_moveit/install/moveit_setup_framework:/home/roboticslab/ws_moveit/install/moveit_servo:/home/roboticslab/ws_moveit/install/moveit_ros_trajectory_cache:/home/roboticslab/ws_moveit/install/moveit_ros:/home/roboticslab/ws_moveit/install/moveit_ros_visualization:/home/roboticslab/ws_moveit/install/moveit_py:/home/roboticslab/ws_moveit/install/moveit_hybrid_planning:/home/roboticslab/ws_moveit/install/moveit_ros_planning_interface:/home/roboticslab/ws_moveit/install/moveit_ros_benchmarks:/home/roboticslab/ws_moveit/install/moveit_ros_warehouse:/home/roboticslab/ws_moveit/install/moveit_ros_robot_interaction:/home/roboticslab/ws_moveit/install/moveit_ros_perception:/home/roboticslab/ws_moveit/install/moveit_resources_prbt_pg70_support:/home/roboticslab/ws_moveit/install/moveit_resources_prbt_moveit_config:/home/roboticslab/ws_moveit/install/moveit_ros_move_group:/home/roboticslab/ws_moveit/install/moveit_planners_ompl:/home/roboticslab/ws_moveit/install/moveit_kinematics:/home/roboticslab/ws_moveit/install/moveit_ros_planning:/home/roboticslab/ws_moveit/install/moveit_ros_occupancy_map_monitor:/home/roboticslab/ws_moveit/install/moveit_resources_prbt_support:/home/roboticslab/ws_moveit/install/moveit_resources_prbt_ikfast_manipulator_plugin:/home/roboticslab/ws_moveit/install/moveit_resources:/home/roboticslab/ws_moveit/install/moveit_resources_pr2_description:/home/roboticslab/ws_moveit/install/moveit_resources_panda_moveit_config:/home/roboticslab/ws_moveit/install/dual_arm_panda_moveit_config:/home/roboticslab/ws_moveit/install/moveit_resources_panda_description:/home/roboticslab/ws_moveit/install/moveit_resources_fanuc_moveit_config:/home/roboticslab/ws_moveit/install/moveit_resources_fanuc_description:/home/roboticslab/ws_moveit/install/moveit_planners_stomp:/home/roboticslab/ws_moveit/install/moveit_planners_chomp:/home/roboticslab/ws_moveit/install/chomp_motion_planner:/home/roboticslab/ws_moveit/install/moveit_core:/home/roboticslab/ws_moveit/install/moveit_msgs:/home/roboticslab/ws_moveit/install/moveit_common:/home/roboticslab/ws_moveit/install/kortex_driver:/home/roboticslab/ws_moveit/install/kortex_api:/opt/ros/kilted/opt/gz_sim_vendor:/opt/ros/kilted/opt/gz_sensors_vendor:/opt/ros/kilted/opt/gz_physics_vendor:/opt/ros/kilted/opt/sdformat_vendor:/opt/ros/kilted/opt/gz_gui_vendor:/opt/ros/kilted/opt/gz_transport_vendor:/opt/ros/kilted/opt/gz_rendering_vendor:/opt/ros/kilted/opt/gz_plugin_vendor:/opt/ros/kilted/opt/gz_fuel_tools_vendor:/opt/ros/kilted/opt/gz_msgs_vendor:/opt/ros/kilted/opt/gz_common_vendor:/opt/ros/kilted/opt/gz_math_vendor:/opt/ros/kilted/opt/gz_utils_vendor:/opt/ros/kilted/opt/gz_tools_vendor:/opt/ros/kilted/opt/gz_ogre_next_vendor:/opt/ros/kilted/opt/gz_dartsim_vendor:/opt/ros/kilted/opt/gz_cmake_vendor:/home/roboticslab/ros2_ws/install/yolo_ros:/home/roboticslab/ros2_ws/install/so101_gripper_control:/home/roboticslab/ws_moveit/install/moveit_configs_utils:/opt/ros/kilted DEBUGINFOD_URLS=https://debuginfod.ubuntu.com /usr/bin/cmake --build /home/roboticslab/ros2_ws/build/yolo_bringup -- -j4 -l4
[6.431s] DEBUG:colcon.colcon_core.event_handler.log_command:Invoking command in '/home/roboticslab/ros2_ws/build/yolo_bringup': AMENT_PREFIX_PATH=/home/roboticslab/ros2_ws/install/yolo_ros:/home/roboticslab/ros2_ws/install/yolo_bringup:/home/roboticslab/ros2_ws/install/yolo_msgs:/home/roboticslab/ros2_ws/install/so101_gripper_control:/home/roboticslab/ws_moveit/install/robotiq_hardware_tests:/home/roboticslab/ws_moveit/install/robotiq_driver:/home/roboticslab/ws_moveit/install/serial:/home/roboticslab/ws_moveit/install/moveit2_tutorials:/home/roboticslab/ws_moveit/install/moveit_visual_tools:/home/roboticslab/ws_moveit/install/rviz_visual_tools:/home/roboticslab/ws_moveit/install/moveit_task_constructor_demo:/home/roboticslab/ws_moveit/install/moveit_task_constructor_visualization:/home/roboticslab/ws_moveit/install/moveit_task_constructor_capabilities:/home/roboticslab/ws_moveit/install/moveit_task_constructor_core:/home/roboticslab/ws_moveit/install/rviz_marker_tools:/home/roboticslab/ws_moveit/install/kortex_bringup:/home/roboticslab/ws_moveit/install/kinova_gen3_lite_moveit_config:/home/roboticslab/ws_moveit/install/kinova_gen3_7dof_robotiq_2f_85_moveit_config:/home/roboticslab/ws_moveit/install/kinova_gen3_6dof_robotiq_2f_85_moveit_config:/home/roboticslab/ws_moveit/install/kortex_description:/home/roboticslab/ws_moveit/install/robotiq_description:/home/roboticslab/ws_moveit/install/robotiq_controllers:/home/roboticslab/ws_moveit/install/pilz_industrial_motion_planner_testutils:/home/roboticslab/ws_moveit/install/moveit_runtime:/home/roboticslab/ws_moveit/install/moveit:/home/roboticslab/ws_moveit/install/moveit_planners:/home/roboticslab/ws_moveit/install/pilz_industrial_motion_planner:/home/roboticslab/ws_moveit/install/moveit_task_constructor_msgs:/home/roboticslab/ws_moveit/install/moveit_ros_control_interface:/home/roboticslab/ws_moveit/install/moveit_plugins:/home/roboticslab/ws_moveit/install/moveit_simple_controller_manager:/home/roboticslab/ws_moveit/install/moveit_setup_assistant:/home/roboticslab/ws_moveit/install/moveit_setup_srdf_plugins:/home/roboticslab/ws_moveit/install/moveit_setup_core_plugins:/home/roboticslab/ws_moveit/install/moveit_setup_controllers:/home/roboticslab/ws_moveit/install/moveit_setup_app_plugins:/home/roboticslab/ws_moveit/install/moveit_setup_framework:/home/roboticslab/ws_moveit/install/moveit_servo:/home/roboticslab/ws_moveit/install/moveit_ros_trajectory_cache:/home/roboticslab/ws_moveit/install/moveit_ros:/home/roboticslab/ws_moveit/install/moveit_ros_visualization:/home/roboticslab/ws_moveit/install/moveit_py:/home/roboticslab/ws_moveit/install/moveit_hybrid_planning:/home/roboticslab/ws_moveit/install/moveit_ros_planning_interface:/home/roboticslab/ws_moveit/install/moveit_ros_benchmarks:/home/roboticslab/ws_moveit/install/moveit_ros_warehouse:/home/roboticslab/ws_moveit/install/moveit_ros_robot_interaction:/home/roboticslab/ws_moveit/install/moveit_ros_perception:/home/roboticslab/ws_moveit/install/moveit_resources_prbt_pg70_support:/home/roboticslab/ws_moveit/install/moveit_resources_prbt_moveit_config:/home/roboticslab/ws_moveit/install/moveit_ros_move_group:/home/roboticslab/ws_moveit/install/moveit_planners_ompl:/home/roboticslab/ws_moveit/install/moveit_kinematics:/home/roboticslab/ws_moveit/install/moveit_ros_planning:/home/roboticslab/ws_moveit/install/moveit_ros_occupancy_map_monitor:/home/roboticslab/ws_moveit/install/moveit_resources_prbt_support:/home/roboticslab/ws_moveit/install/moveit_resources_prbt_ikfast_manipulator_plugin:/home/roboticslab/ws_moveit/install/moveit_resources:/home/roboticslab/ws_moveit/install/moveit_resources_pr2_description:/home/roboticslab/ws_moveit/install/moveit_resources_panda_moveit_config:/home/roboticslab/ws_moveit/install/dual_arm_panda_moveit_config:/home/roboticslab/ws_moveit/install/moveit_resources_panda_description:/home/roboticslab/ws_moveit/install/moveit_resources_fanuc_moveit_config:/home/roboticslab/ws_moveit/install/moveit_resources_fanuc_description:/home/roboticslab/ws_moveit/install/moveit_planners_stomp:/home/roboticslab/ws_moveit/install/moveit_planners_chomp:/home/roboticslab/ws_moveit/install/chomp_motion_planner:/home/roboticslab/ws_moveit/install/moveit_core:/home/roboticslab/ws_moveit/install/moveit_msgs:/home/roboticslab/ws_moveit/install/moveit_configs_utils:/home/roboticslab/ws_moveit/install/moveit_common:/home/roboticslab/ws_moveit/install/kortex_driver:/home/roboticslab/ws_moveit/install/kortex_api:/opt/ros/kilted CMAKE_PREFIX_PATH=/home/roboticslab/ros2_ws/install/yolo_msgs:/home/roboticslab/ros2_ws/install/yolo_bringup:/home/roboticslab/ws_moveit/install/robotiq_hardware_tests:/home/roboticslab/ws_moveit/install/robotiq_driver:/home/roboticslab/ws_moveit/install/serial:/home/roboticslab/ws_moveit/install/moveit2_tutorials:/home/roboticslab/ws_moveit/install/moveit_visual_tools:/home/roboticslab/ws_moveit/install/rviz_visual_tools:/home/roboticslab/ws_moveit/install/moveit_task_constructor_demo:/home/roboticslab/ws_moveit/install/moveit_task_constructor_visualization:/home/roboticslab/ws_moveit/install/moveit_task_constructor_capabilities:/home/roboticslab/ws_moveit/install/moveit_task_constructor_core:/home/roboticslab/ws_moveit/install/rviz_marker_tools:/home/roboticslab/ws_moveit/install/kortex_bringup:/home/roboticslab/ws_moveit/install/kinova_gen3_lite_moveit_config:/home/roboticslab/ws_moveit/install/kinova_gen3_7dof_robotiq_2f_85_moveit_config:/home/roboticslab/ws_moveit/install/kinova_gen3_6dof_robotiq_2f_85_moveit_config:/home/roboticslab/ws_moveit/install/kortex_description:/home/roboticslab/ws_moveit/install/robotiq_description:/home/roboticslab/ws_moveit/install/robotiq_controllers:/home/roboticslab/ws_moveit/install/pilz_industrial_motion_planner_testutils:/home/roboticslab/ws_moveit/install/moveit_runtime:/home/roboticslab/ws_moveit/install/moveit:/home/roboticslab/ws_moveit/install/moveit_planners:/home/roboticslab/ws_moveit/install/pilz_industrial_motion_planner:/home/roboticslab/ws_moveit/install/moveit_task_constructor_msgs:/home/roboticslab/ws_moveit/install/moveit_ros_control_interface:/home/roboticslab/ws_moveit/install/moveit_plugins:/home/roboticslab/ws_moveit/install/moveit_simple_controller_manager:/home/roboticslab/ws_moveit/install/moveit_setup_assistant:/home/roboticslab/ws_moveit/install/moveit_setup_srdf_plugins:/home/roboticslab/ws_moveit/install/moveit_setup_core_plugins:/home/roboticslab/ws_moveit/install/moveit_setup_controllers:/home/roboticslab/ws_moveit/install/moveit_setup_app_plugins:/home/roboticslab/ws_moveit/install/moveit_setup_framework:/home/roboticslab/ws_moveit/install/moveit_servo:/home/roboticslab/ws_moveit/install/moveit_ros_trajectory_cache:/home/roboticslab/ws_moveit/install/moveit_ros:/home/roboticslab/ws_moveit/install/moveit_ros_visualization:/home/roboticslab/ws_moveit/install/moveit_py:/home/roboticslab/ws_moveit/install/moveit_hybrid_planning:/home/roboticslab/ws_moveit/install/moveit_ros_planning_interface:/home/roboticslab/ws_moveit/install/moveit_ros_benchmarks:/home/roboticslab/ws_moveit/install/moveit_ros_warehouse:/home/roboticslab/ws_moveit/install/moveit_ros_robot_interaction:/home/roboticslab/ws_moveit/install/moveit_ros_perception:/home/roboticslab/ws_moveit/install/moveit_resources_prbt_pg70_support:/home/roboticslab/ws_moveit/install/moveit_resources_prbt_moveit_config:/home/roboticslab/ws_moveit/install/moveit_ros_move_group:/home/roboticslab/ws_moveit/install/moveit_planners_ompl:/home/roboticslab/ws_moveit/install/moveit_kinematics:/home/roboticslab/ws_moveit/install/moveit_ros_planning:/home/roboticslab/ws_moveit/install/moveit_ros_occupancy_map_monitor:/home/roboticslab/ws_moveit/install/moveit_resources_prbt_support:/home/roboticslab/ws_moveit/install/moveit_resources_prbt_ikfast_manipulator_plugin:/home/roboticslab/ws_moveit/install/moveit_resources:/home/roboticslab/ws_moveit/install/moveit_resources_pr2_description:/home/roboticslab/ws_moveit/install/moveit_resources_panda_moveit_config:/home/roboticslab/ws_moveit/install/dual_arm_panda_moveit_config:/home/roboticslab/ws_moveit/install/moveit_resources_panda_description:/home/roboticslab/ws_moveit/install/moveit_resources_fanuc_moveit_config:/home/roboticslab/ws_moveit/install/moveit_resources_fanuc_description:/home/roboticslab/ws_moveit/install/moveit_planners_stomp:/home/roboticslab/ws_moveit/install/moveit_planners_chomp:/home/roboticslab/ws_moveit/install/chomp_motion_planner:/home/roboticslab/ws_moveit/install/moveit_core:/home/roboticslab/ws_moveit/install/moveit_msgs:/home/roboticslab/ws_moveit/install/moveit_common:/home/roboticslab/ws_moveit/install/kortex_driver:/home/roboticslab/ws_moveit/install/kortex_api:/opt/ros/kilted/opt/gz_sim_vendor:/opt/ros/kilted/opt/gz_sensors_vendor:/opt/ros/kilted/opt/gz_physics_vendor:/opt/ros/kilted/opt/sdformat_vendor:/opt/ros/kilted/opt/gz_gui_vendor:/opt/ros/kilted/opt/gz_transport_vendor:/opt/ros/kilted/opt/gz_rendering_vendor:/opt/ros/kilted/opt/gz_plugin_vendor:/opt/ros/kilted/opt/gz_fuel_tools_vendor:/opt/ros/kilted/opt/gz_msgs_vendor:/opt/ros/kilted/opt/gz_common_vendor:/opt/ros/kilted/opt/gz_math_vendor:/opt/ros/kilted/opt/gz_utils_vendor:/opt/ros/kilted/opt/gz_tools_vendor:/opt/ros/kilted/opt/gz_ogre_next_vendor:/opt/ros/kilted/opt/gz_dartsim_vendor:/opt/ros/kilted/opt/gz_cmake_vendor:/home/roboticslab/ros2_ws/install/yolo_ros:/home/roboticslab/ros2_ws/install/so101_gripper_control:/home/roboticslab/ws_moveit/install/moveit_configs_utils:/opt/ros/kilted DEBUGINFOD_URLS=https://debuginfod.ubuntu.com /usr/bin/cmake --install /home/roboticslab/ros2_ws/build/yolo_bringup
[6.468s] Level 1:colcon.colcon_core.environment:create_environment_scripts_only(yolo_bringup)
[6.468s] Level 1:colcon.colcon_core.environment:checking '/home/roboticslab/ros2_ws/install/yolo_bringup' for CMake module files
[6.469s] DEBUG:colcon.colcon_core.event_handler.log_command:Invoked command in '/home/roboticslab/ros2_ws/build/yolo_bringup' returned '0': AMENT_PREFIX_PATH=/home/roboticslab/ros2_ws/install/yolo_ros:/home/roboticslab/ros2_ws/install/yolo_bringup:/home/roboticslab/ros2_ws/install/yolo_msgs:/home/roboticslab/ros2_ws/install/so101_gripper_control:/home/roboticslab/ws_moveit/install/robotiq_hardware_tests:/home/roboticslab/ws_moveit/install/robotiq_driver:/home/roboticslab/ws_moveit/install/serial:/home/roboticslab/ws_moveit/install/moveit2_tutorials:/home/roboticslab/ws_moveit/install/moveit_visual_tools:/home/roboticslab/ws_moveit/install/rviz_visual_tools:/home/roboticslab/ws_moveit/install/moveit_task_constructor_demo:/home/roboticslab/ws_moveit/install/moveit_task_constructor_visualization:/home/roboticslab/ws_moveit/install/moveit_task_constructor_capabilities:/home/roboticslab/ws_moveit/install/moveit_task_constructor_core:/home/roboticslab/ws_moveit/install/rviz_marker_tools:/home/roboticslab/ws_moveit/install/kortex_bringup:/home/roboticslab/ws_moveit/install/kinova_gen3_lite_moveit_config:/home/roboticslab/ws_moveit/install/kinova_gen3_7dof_robotiq_2f_85_moveit_config:/home/roboticslab/ws_moveit/install/kinova_gen3_6dof_robotiq_2f_85_moveit_config:/home/roboticslab/ws_moveit/install/kortex_description:/home/roboticslab/ws_moveit/install/robotiq_description:/home/roboticslab/ws_moveit/install/robotiq_controllers:/home/roboticslab/ws_moveit/install/pilz_industrial_motion_planner_testutils:/home/roboticslab/ws_moveit/install/moveit_runtime:/home/roboticslab/ws_moveit/install/moveit:/home/roboticslab/ws_moveit/install/moveit_planners:/home/roboticslab/ws_moveit/install/pilz_industrial_motion_planner:/home/roboticslab/ws_moveit/install/moveit_task_constructor_msgs:/home/roboticslab/ws_moveit/install/moveit_ros_control_interface:/home/roboticslab/ws_moveit/install/moveit_plugins:/home/roboticslab/ws_moveit/install/moveit_simple_controller_manager:/home/roboticslab/ws_moveit/install/moveit_setup_assistant:/home/roboticslab/ws_moveit/install/moveit_setup_srdf_plugins:/home/roboticslab/ws_moveit/install/moveit_setup_core_plugins:/home/roboticslab/ws_moveit/install/moveit_setup_controllers:/home/roboticslab/ws_moveit/install/moveit_setup_app_plugins:/home/roboticslab/ws_moveit/install/moveit_setup_framework:/home/roboticslab/ws_moveit/install/moveit_servo:/home/roboticslab/ws_moveit/install/moveit_ros_trajectory_cache:/home/roboticslab/ws_moveit/install/moveit_ros:/home/roboticslab/ws_moveit/install/moveit_ros_visualization:/home/roboticslab/ws_moveit/install/moveit_py:/home/roboticslab/ws_moveit/install/moveit_hybrid_planning:/home/roboticslab/ws_moveit/install/moveit_ros_planning_interface:/home/roboticslab/ws_moveit/install/moveit_ros_benchmarks:/home/roboticslab/ws_moveit/install/moveit_ros_warehouse:/home/roboticslab/ws_moveit/install/moveit_ros_robot_interaction:/home/roboticslab/ws_moveit/install/moveit_ros_perception:/home/roboticslab/ws_moveit/install/moveit_resources_prbt_pg70_support:/home/roboticslab/ws_moveit/install/moveit_resources_prbt_moveit_config:/home/roboticslab/ws_moveit/install/moveit_ros_move_group:/home/roboticslab/ws_moveit/install/moveit_planners_ompl:/home/roboticslab/ws_moveit/install/moveit_kinematics:/home/roboticslab/ws_moveit/install/moveit_ros_planning:/home/roboticslab/ws_moveit/install/moveit_ros_occupancy_map_monitor:/home/roboticslab/ws_moveit/install/moveit_resources_prbt_support:/home/roboticslab/ws_moveit/install/moveit_resources_prbt_ikfast_manipulator_plugin:/home/roboticslab/ws_moveit/install/moveit_resources:/home/roboticslab/ws_moveit/install/moveit_resources_pr2_description:/home/roboticslab/ws_moveit/install/moveit_resources_panda_moveit_config:/home/roboticslab/ws_moveit/install/dual_arm_panda_moveit_config:/home/roboticslab/ws_moveit/install/moveit_resources_panda_description:/home/roboticslab/ws_moveit/install/moveit_resources_fanuc_moveit_config:/home/roboticslab/ws_moveit/install/moveit_resources_fanuc_description:/home/roboticslab/ws_moveit/install/moveit_planners_stomp:/home/roboticslab/ws_moveit/install/moveit_planners_chomp:/home/roboticslab/ws_moveit/install/chomp_motion_planner:/home/roboticslab/ws_moveit/install/moveit_core:/home/roboticslab/ws_moveit/install/moveit_msgs:/home/roboticslab/ws_moveit/install/moveit_configs_utils:/home/roboticslab/ws_moveit/install/moveit_common:/home/roboticslab/ws_moveit/install/kortex_driver:/home/roboticslab/ws_moveit/install/kortex_api:/opt/ros/kilted CMAKE_PREFIX_PATH=/home/roboticslab/ros2_ws/install/yolo_msgs:/home/roboticslab/ros2_ws/install/yolo_bringup:/home/roboticslab/ws_moveit/install/robotiq_hardware_tests:/home/roboticslab/ws_moveit/install/robotiq_driver:/home/roboticslab/ws_moveit/install/serial:/home/roboticslab/ws_moveit/install/moveit2_tutorials:/home/roboticslab/ws_moveit/install/moveit_visual_tools:/home/roboticslab/ws_moveit/install/rviz_visual_tools:/home/roboticslab/ws_moveit/install/moveit_task_constructor_demo:/home/roboticslab/ws_moveit/install/moveit_task_constructor_visualization:/home/roboticslab/ws_moveit/install/moveit_task_constructor_capabilities:/home/roboticslab/ws_moveit/install/moveit_task_constructor_core:/home/roboticslab/ws_moveit/install/rviz_marker_tools:/home/roboticslab/ws_moveit/install/kortex_bringup:/home/roboticslab/ws_moveit/install/kinova_gen3_lite_moveit_config:/home/roboticslab/ws_moveit/install/kinova_gen3_7dof_robotiq_2f_85_moveit_config:/home/roboticslab/ws_moveit/install/kinova_gen3_6dof_robotiq_2f_85_moveit_config:/home/roboticslab/ws_moveit/install/kortex_description:/home/roboticslab/ws_moveit/install/robotiq_description:/home/roboticslab/ws_moveit/install/robotiq_controllers:/home/roboticslab/ws_moveit/install/pilz_industrial_motion_planner_testutils:/home/roboticslab/ws_moveit/install/moveit_runtime:/home/roboticslab/ws_moveit/install/moveit:/home/roboticslab/ws_moveit/install/moveit_planners:/home/roboticslab/ws_moveit/install/pilz_industrial_motion_planner:/home/roboticslab/ws_moveit/install/moveit_task_constructor_msgs:/home/roboticslab/ws_moveit/install/moveit_ros_control_interface:/home/roboticslab/ws_moveit/install/moveit_plugins:/home/roboticslab/ws_moveit/install/moveit_simple_controller_manager:/home/roboticslab/ws_moveit/install/moveit_setup_assistant:/home/roboticslab/ws_moveit/install/moveit_setup_srdf_plugins:/home/roboticslab/ws_moveit/install/moveit_setup_core_plugins:/home/roboticslab/ws_moveit/install/moveit_setup_controllers:/home/roboticslab/ws_moveit/install/moveit_setup_app_plugins:/home/roboticslab/ws_moveit/install/moveit_setup_framework:/home/roboticslab/ws_moveit/install/moveit_servo:/home/roboticslab/ws_moveit/install/moveit_ros_trajectory_cache:/home/roboticslab/ws_moveit/install/moveit_ros:/home/roboticslab/ws_moveit/install/moveit_ros_visualization:/home/roboticslab/ws_moveit/install/moveit_py:/home/roboticslab/ws_moveit/install/moveit_hybrid_planning:/home/roboticslab/ws_moveit/install/moveit_ros_planning_interface:/home/roboticslab/ws_moveit/install/moveit_ros_benchmarks:/home/roboticslab/ws_moveit/install/moveit_ros_warehouse:/home/roboticslab/ws_moveit/install/moveit_ros_robot_interaction:/home/roboticslab/ws_moveit/install/moveit_ros_perception:/home/roboticslab/ws_moveit/install/moveit_resources_prbt_pg70_support:/home/roboticslab/ws_moveit/install/moveit_resources_prbt_moveit_config:/home/roboticslab/ws_moveit/install/moveit_ros_move_group:/home/roboticslab/ws_moveit/install/moveit_planners_ompl:/home/roboticslab/ws_moveit/install/moveit_kinematics:/home/roboticslab/ws_moveit/install/moveit_ros_planning:/home/roboticslab/ws_moveit/install/moveit_ros_occupancy_map_monitor:/home/roboticslab/ws_moveit/install/moveit_resources_prbt_support:/home/roboticslab/ws_moveit/install/moveit_resources_prbt_ikfast_manipulator_plugin:/home/roboticslab/ws_moveit/install/moveit_resources:/home/roboticslab/ws_moveit/install/moveit_resources_pr2_description:/home/roboticslab/ws_moveit/install/moveit_resources_panda_moveit_config:/home/roboticslab/ws_moveit/install/dual_arm_panda_moveit_config:/home/roboticslab/ws_moveit/install/moveit_resources_panda_description:/home/roboticslab/ws_moveit/install/moveit_resources_fanuc_moveit_config:/home/roboticslab/ws_moveit/install/moveit_resources_fanuc_description:/home/roboticslab/ws_moveit/install/moveit_planners_stomp:/home/roboticslab/ws_moveit/install/moveit_planners_chomp:/home/roboticslab/ws_moveit/install/chomp_motion_planner:/home/roboticslab/ws_moveit/install/moveit_core:/home/roboticslab/ws_moveit/install/moveit_msgs:/home/roboticslab/ws_moveit/install/moveit_common:/home/roboticslab/ws_moveit/install/kortex_driver:/home/roboticslab/ws_moveit/install/kortex_api:/opt/ros/kilted/opt/gz_sim_vendor:/opt/ros/kilted/opt/gz_sensors_vendor:/opt/ros/kilted/opt/gz_physics_vendor:/opt/ros/kilted/opt/sdformat_vendor:/opt/ros/kilted/opt/gz_gui_vendor:/opt/ros/kilted/opt/gz_transport_vendor:/opt/ros/kilted/opt/gz_rendering_vendor:/opt/ros/kilted/opt/gz_plugin_vendor:/opt/ros/kilted/opt/gz_fuel_tools_vendor:/opt/ros/kilted/opt/gz_msgs_vendor:/opt/ros/kilted/opt/gz_common_vendor:/opt/ros/kilted/opt/gz_math_vendor:/opt/ros/kilted/opt/gz_utils_vendor:/opt/ros/kilted/opt/gz_tools_vendor:/opt/ros/kilted/opt/gz_ogre_next_vendor:/opt/ros/kilted/opt/gz_dartsim_vendor:/opt/ros/kilted/opt/gz_cmake_vendor:/home/roboticslab/ros2_ws/install/yolo_ros:/home/roboticslab/ros2_ws/install/so101_gripper_control:/home/roboticslab/ws_moveit/install/moveit_configs_utils:/opt/ros/kilted DEBUGINFOD_URLS=https://debuginfod.ubuntu.com /usr/bin/cmake --install /home/roboticslab/ros2_ws/build/yolo_bringup
[6.469s] Level 1:colcon.colcon_core.environment:checking '/home/roboticslab/ros2_ws/install/yolo_bringup' for CMake config files
[6.470s] Level 1:colcon.colcon_core.shell:create_environment_hook('yolo_bringup', 'cmake_prefix_path')
[6.470s] INFO:colcon.colcon_core.shell:Creating environment hook '/home/roboticslab/ros2_ws/install/yolo_bringup/share/yolo_bringup/hook/cmake_prefix_path.ps1'
[6.470s] INFO:colcon.colcon_core.shell:Creating environment descriptor '/home/roboticslab/ros2_ws/install/yolo_bringup/share/yolo_bringup/hook/cmake_prefix_path.dsv'
[6.471s] INFO:colcon.colcon_core.shell:Creating environment hook '/home/roboticslab/ros2_ws/install/yolo_bringup/share/yolo_bringup/hook/cmake_prefix_path.sh'
[6.471s] Level 1:colcon.colcon_core.environment:checking '/home/roboticslab/ros2_ws/install/yolo_bringup/bin'
[6.471s] Level 1:colcon.colcon_core.environment:checking '/home/roboticslab/ros2_ws/install/yolo_bringup/lib/pkgconfig/yolo_bringup.pc'
[6.472s] Level 1:colcon.colcon_core.environment:checking '/home/roboticslab/ros2_ws/install/yolo_bringup/lib/python3.12/site-packages'
[6.472s] Level 1:colcon.colcon_core.environment:checking '/home/roboticslab/ros2_ws/install/yolo_bringup/bin'
[6.472s] INFO:colcon.colcon_core.shell:Creating package script '/home/roboticslab/ros2_ws/install/yolo_bringup/share/yolo_bringup/package.ps1'
[6.473s] INFO:colcon.colcon_core.shell:Creating package descriptor '/home/roboticslab/ros2_ws/install/yolo_bringup/share/yolo_bringup/package.dsv'
[6.473s] INFO:colcon.colcon_core.shell:Creating package script '/home/roboticslab/ros2_ws/install/yolo_bringup/share/yolo_bringup/package.sh'
[6.474s] INFO:colcon.colcon_core.shell:Creating package script '/home/roboticslab/ros2_ws/install/yolo_bringup/share/yolo_bringup/package.bash'
[6.474s] INFO:colcon.colcon_core.shell:Creating package script '/home/roboticslab/ros2_ws/install/yolo_bringup/share/yolo_bringup/package.zsh'
[6.474s] Level 1:colcon.colcon_core.environment:create_file_with_runtime_dependencies(/home/roboticslab/ros2_ws/install/yolo_bringup/share/colcon-core/packages/yolo_bringup)
[6.475s] Level 1:colcon.colcon_core.environment:create_environment_scripts_only(yolo_bringup)
[6.475s] Level 1:colcon.colcon_core.environment:checking '/home/roboticslab/ros2_ws/install/yolo_bringup' for CMake module files
[6.476s] Level 1:colcon.colcon_core.environment:checking '/home/roboticslab/ros2_ws/install/yolo_bringup' for CMake config files
[6.476s] Level 1:colcon.colcon_core.shell:create_environment_hook('yolo_bringup', 'cmake_prefix_path')
[6.476s] INFO:colcon.colcon_core.shell:Creating environment hook '/home/roboticslab/ros2_ws/install/yolo_bringup/share/yolo_bringup/hook/cmake_prefix_path.ps1'
[6.477s] INFO:colcon.colcon_core.shell:Creating environment descriptor '/home/roboticslab/ros2_ws/install/yolo_bringup/share/yolo_bringup/hook/cmake_prefix_path.dsv'
[6.477s] INFO:colcon.colcon_core.shell:Creating environment hook '/home/roboticslab/ros2_ws/install/yolo_bringup/share/yolo_bringup/hook/cmake_prefix_path.sh'
[6.477s] Level 1:colcon.colcon_core.environment:checking '/home/roboticslab/ros2_ws/install/yolo_bringup/bin'
[6.478s] Level 1:colcon.colcon_core.environment:checking '/home/roboticslab/ros2_ws/install/yolo_bringup/lib/pkgconfig/yolo_bringup.pc'
[6.478s] Level 1:colcon.colcon_core.environment:checking '/home/roboticslab/ros2_ws/install/yolo_bringup/lib/python3.12/site-packages'
[6.478s] Level 1:colcon.colcon_core.environment:checking '/home/roboticslab/ros2_ws/install/yolo_bringup/bin'
[6.478s] INFO:colcon.colcon_core.shell:Creating package script '/home/roboticslab/ros2_ws/install/yolo_bringup/share/yolo_bringup/package.ps1'
[6.479s] INFO:colcon.colcon_core.shell:Creating package descriptor '/home/roboticslab/ros2_ws/install/yolo_bringup/share/yolo_bringup/package.dsv'
[6.479s] INFO:colcon.colcon_core.shell:Creating package script '/home/roboticslab/ros2_ws/install/yolo_bringup/share/yolo_bringup/package.sh'
[6.480s] INFO:colcon.colcon_core.shell:Creating package script '/home/roboticslab/ros2_ws/install/yolo_bringup/share/yolo_bringup/package.bash'
[6.480s] INFO:colcon.colcon_core.shell:Creating package script '/home/roboticslab/ros2_ws/install/yolo_bringup/share/yolo_bringup/package.zsh'
[6.481s] Level 1:colcon.colcon_core.environment:create_file_with_runtime_dependencies(/home/roboticslab/ros2_ws/install/yolo_bringup/share/colcon-core/packages/yolo_bringup)
[6.481s] DEBUG:colcon.colcon_parallel_executor.executor.parallel:closing loop
[6.481s] DEBUG:colcon.colcon_parallel_executor.executor.parallel:loop closed
[6.482s] DEBUG:colcon.colcon_parallel_executor.executor.parallel:run_until_complete finished with '0'
[6.482s] DEBUG:colcon.colcon_core.event_reactor:joining thread
[6.543s] INFO:colcon.colcon_core.plugin_system:Skipping extension 'colcon_notification.desktop_notification.terminal_notifier': Not used on non-Darwin systems
[6.543s] INFO:colcon.colcon_core.plugin_system:Skipping extension 'colcon_notification.desktop_notification.win32': Not used on non-Windows systems
[6.543s] INFO:colcon.colcon_notification.desktop_notification:Sending desktop notification using 'notify2'
[6.559s] DEBUG:colcon.colcon_core.event_reactor:joined thread
[6.559s] INFO:colcon.colcon_core.shell:Creating prefix script '/home/roboticslab/ros2_ws/install/local_setup.ps1'
[6.565s] INFO:colcon.colcon_core.shell:Creating prefix util module '/home/roboticslab/ros2_ws/install/_local_setup_util_ps1.py'
[6.567s] INFO:colcon.colcon_core.shell:Creating prefix chain script '/home/roboticslab/ros2_ws/install/setup.ps1'
[6.571s] INFO:colcon.colcon_core.shell:Creating prefix script '/home/roboticslab/ros2_ws/install/local_setup.sh'
[6.580s] INFO:colcon.colcon_core.shell:Creating prefix util module '/home/roboticslab/ros2_ws/install/_local_setup_util_sh.py'
[6.581s] INFO:colcon.colcon_core.shell:Creating prefix chain script '/home/roboticslab/ros2_ws/install/setup.sh'
[6.585s] INFO:colcon.colcon_core.shell:Creating prefix script '/home/roboticslab/ros2_ws/install/local_setup.bash'
[6.586s] INFO:colcon.colcon_core.shell:Creating prefix chain script '/home/roboticslab/ros2_ws/install/setup.bash'
[6.590s] INFO:colcon.colcon_core.shell:Creating prefix script '/home/roboticslab/ros2_ws/install/local_setup.zsh'
[6.603s] INFO:colcon.colcon_core.shell:Creating prefix chain script '/home/roboticslab/ros2_ws/install/setup.zsh'
